path_id,factor_name,factor_value,calculation_status,stability,spectral_abscissa_per_s,rightmost_real_per_s,rightmost_imag_per_s,extra_real_per_s,extra_imag_per_s,extra_mode_status,extra_mode_is_rightmost,extra_right_mac,extra_left_mac,extra_normalized_distance,extra_condition_number,extra_right_residual,extra_left_residual,synchronous_real_per_s,synchronous_imag_per_s,algebraic_residual_inf,closed_rhs_residual_inf,active_power_balance_abs_pu
voltage-pi-boundary,voltage_pi,1.0,valid,unstable,4.5864079704820355,4.5864079704820355,35.934112413708704,4.5864079704820355,35.934112413708704,matched,True,1.0,1.0,0.0,54.02699837761335,2.2984932684726863e-16,1.439117995599358e-17,-1.1398439405460405,14.89752800345711,7.19910242530375e-17,1.6342482922482304e-13,8.500145032286355e-17
voltage-pi-boundary,voltage_pi,1.414213562373095,valid,unstable,1.5987913022064513,1.5987913022064513,44.77513628495785,1.5987913022064513,44.77513628495785,matched,True,0.9971673187624813,0.9963288021210289,0.25761266324674864,54.02699837761335,2.2984932684726863e-16,2.872624567285441e-17,-1.1552026908103619,14.768504786498967,7.19910242530375e-17,1.6342482922482304e-13,8.500145032286355e-17
voltage-pi-boundary,voltage_pi,1.5422108254079407,valid,unstable,0.6508528501684214,0.6508528501684214,47.36219732242321,0.6508528501684214,47.36219732242321,matched,True,0.9986727113315617,0.9982785218253222,0.1708118716486434,54.02699837761335,4.264953483791823e-16,1.757459683246815e-17,-1.156193706545817,14.737706756543842,7.19910242530375e-17,1.6342482922482304e-13,8.500145032286355e-17
voltage-pi-boundary,voltage_pi,1.6104903319492543,valid,unstable,0.14326933591541025,0.14326933591541025,48.72034493202006,0.14326933591541025,48.72034493202006,matched,True,0.9983543350355596,0.9978662643876494,0.19170487027920682,54.02699837761335,4.1336132286171046e-16,1.947707404550533e-17,-1.156448104725234,14.722824985389105,7.19910242530375e-17,1.6342482922482304e-13,8.500145032286355e-17
voltage-pi-boundary,voltage_pi,1.6280274218573478,valid,unstable,0.012781415827984866,0.012781415827984866,49.066893140217324,0.012781415827984866,49.066893140217324,matched,True,0.9982681821782514,0.9977547076106298,0.1970515758561705,54.02699837761335,6.647383400975532e-16,2.1936129356839266e-17,-1.1564904718314042,14.719162874839508,7.19910242530375e-17,1.6342482922482304e-13,8.500145032286355e-17
voltage-pi-boundary,voltage_pi,1.629129809193841,valid,unstable,0.004577782283994303,0.004577782283994303,49.08864701877335,0.004577782283994303,49.08864701877335,matched,True,0.9982627084008883,0.9977476197243416,0.19738740961190665,54.02699837761335,4.88414660288449e-16,4.004950391446814e-17,-1.1564928557915732,14.71893478580258,7.19910242530375e-17,1.6342482922482304e-13,8.500145032286355e-17
voltage-pi-boundary,voltage_pi,1.6296812827531182,valid,unstable,0.00047383566648395714,0.00047383566648395714,49.0995281496205,0.00047383566648395714,49.0995281496205,matched,True,0.9982599675545959,0.9977440706531548,0.19755540009583086,54.02699837761335,3.905480620330588e-16,3.794911400011438e-17,-1.1564940362856797,14.718820776421191,7.19910242530375e-17,1.6342482922482304e-13,8.500145032286355e-17
voltage-pi-boundary,voltage_pi,1.6297157560482185,valid,unstable,0.00021729282294469243,0.00021729282294469243,49.10020830933989,0.00021729282294469243,49.10020830933989,matched,True,0.9982597961636627,0.9977438487223035,0.1975659011059648,54.02699837761335,3.970874613014936e-16,2.5191819094339697e-17,-1.1564941098095556,14.71881365161297,7.19910242530375e-17,1.6342482922482304e-13,8.500145032286355e-17
voltage-pi-boundary,voltage_pi,1.6297329929692277,valid,unstable,8.901959523566205e-05,8.901959523566205e-05,49.10054839659051,8.901959523566205e-05,49.10054839659051,matched,True,0.9982597104654692,0.9977437377532088,0.19757115175734682,54.02699837761335,4.816305003132503e-16,4.15720482080228e-17,-1.156494146567809,14.718810089242297,7.19910242530375e-17,1.6342482922482304e-13,8.500145032286355e-17
voltage-pi-boundary,voltage_pi,1.629741611498098,valid,unstable,2.4882446133744907e-05,2.4882446133744907e-05,49.100718439117834,2.4882446133744907e-05,49.100718439117834,matched,True,0.9982596676140936,0.9977436822655464,0.1975737770123717,54.02699837761335,6.064270515730491e-16,3.390220657513261e-17,-1.1564941649408325,14.718808308065393,7.19910242530375e-17,1.6342482922482304e-13,8.500145032286355e-17
voltage-pi-boundary,voltage_pi,1.6297459207796248,valid,stable,-7.187458606061625e-06,-7.187458606061625e-06,49.10080346310962,-7.187458606061625e-06,49.10080346310962,matched,True,0.9982596461895147,0.9977436545236879,0.19757508974317867,54.02699837761335,7.158995354451193e-16,2.617062403974439e-17,-1.156494174124858,14.718807417480745,7.19910242530375e-17,1.6342482922482304e-13,8.500145032286355e-17
voltage-pi-boundary,voltage_pi,1.629750230072546,valid,stable,-3.925551446659625e-05,-3.925551446659625e-05,49.100888486446046,-3.925551446659625e-05,49.100888486446046,matched,True,0.998259624763398,0.9977436267798553,0.19757640239153534,54.02699837761335,4.0017382837552566e-16,1.4579064142883016e-17,-1.1564941833166564,14.71880652689445,7.19910242530375e-17,1.6342482922482304e-13,8.500145032286355e-17
voltage-pi-boundary,voltage_pi,1.6298191803089446,valid,stable,-0.0005523700973286694,-0.0005523700973286694,49.1022488627196,-0.0005523700973286694,49.1022488627196,matched,True,0.9982592819301636,0.9977431828501266,0.19759740535529208,54.02699837761335,5.314202541557666e-16,2.6642977527830347e-17,-1.1564943302148656,14.718792277736332,7.19910242530375e-17,1.6342482922482304e-13,8.500145032286355e-17
voltage-pi-boundary,voltage_pi,1.6299570895331479,valid,stable,-0.0015786667116888253,-0.0015786667116888253,49.10496975608189,-0.0015786667116888253,49.10496975608189,matched,True,0.9982585961427961,0.9977422948371325,0.19763941384909164,54.02699837761335,4.2503739182076687e-16,3.3074263178312296e-17,-1.1564946236683995,14.718763780517401,7.19910242530375e-17,1.6342482922482304e-13,8.500145032286355e-17
voltage-pi-boundary,voltage_pi,1.6302329429906357,valid,stable,-0.0036315259791575016,-0.0036315259791575016,49.11041206608746,-0.0036315259791575016,49.11041206608746,matched,True,0.998257224069253,0.9977405181628302,0.1977234397409389,54.02699837761335,4.672813964384079e-16,3.020133578395024e-17,-1.156495209140598,14.718706790474387,7.19910242530375e-17,1.6342482922482304e-13,8.500145032286355e-17
voltage-pi-boundary,voltage_pi,1.6324414519872752,valid,stable,-0.020067174961472034,-0.020067174961472034,49.15397570675925,-0.020067174961472034,49.15397570675925,matched,True,0.9982462237151586,0.997726273982001,0.19839609035955494,54.02699837761335,4.0332984836687823e-16,1.904651497852995e-17,-1.1564998243182032,14.718251081225898,7.19910242530375e-17,1.6342482922482304e-13,8.500145032286355e-17
voltage-pi-boundary,voltage_pi,1.6368674497669646,valid,stable,-0.0530066466622392,-0.0530066466622392,49.24123733171851,-0.0530066466622392,49.24123733171851,matched,True,0.9982240959587555,0.9976976209960353,0.19974375411630657,54.02699837761335,2.7296815481259235e-16,1.439117995599358e-17,-1.1565086906590771,14.717340790289642,7.19910242530375e-17,1.6342482922482304e-13,8.500145032286355e-17
voltage-pi-boundary,voltage_pi,1.645755478153965,valid,stable,-0.11915867240752843,-0.11915867240752843,49.416299425275575,-0.11915867240752843,49.416299425275575,matched,True,0.9981793301824929,0.9976396537950913,0.202448558612015,54.02699837761335,7.052937640225388e-16,3.171321325424515e-17,-1.1565249837603266,14.715524733858015,7.19910242530375e-17,1.6342482922482304e-13,8.500145032286355e-17
voltage-pi-boundary,voltage_pi,1.681792830507429,valid,stable,-0.38742429526149635,-0.38742429526149635,50.1237953589164,-0.38742429526149635,50.1237953589164,matched,True,0.9979933752861285,0.9973988512086596,0.2133951787040372,54.02699837761335,4.532696399353357e-16,3.102843474751304e-17,-1.1565716358762934,14.708321448479778,7.19910242530375e-17,1.6342482922482304e-13,8.500145032286355e-17
voltage-pi-boundary,voltage_pi,2.0,valid,stable,-1.156102977015668,-1.156102977015668,14.654360061237993,-2.7494282098993192,56.22658506747862,matched,False,0.997560078291125,0.9969019697563458,0.2234743668689186,54.02699837761335,7.181015193088688e-16,1.778104687726931e-17,-1.156102977015668,14.654360061237993,7.19910242530375e-17,1.6342482922482304e-13,8.500145032286355e-17
current-pi-boundary,current_pi,1.0,valid,unstable,4.5864079704820355,4.5864079704820355,35.934112413708704,4.5864079704820355,35.934112413708704,matched,True,1.0,1.0,0.0,54.02699837761335,2.2984932684726863e-16,1.439117995599358e-17,-1.1398439405460405,14.89752800345711,7.19910242530375e-17,1.6342482922482304e-13,8.500145032286355e-17
current-pi-boundary,current_pi,1.414213562373095,valid,unstable,1.4618650655535577,1.4618650655535577,44.6517229193166,1.4618650655535577,44.6517229193166,matched,True,0.9971855220202787,0.9904396973498315,0.25563792959212195,54.02699837761335,5.290217909511686e-16,1.8175612055017595e-17,-1.1548521776539913,14.76896651228408,7.19910242530375e-17,1.6342482922482304e-13,8.500145032286355e-17
current-pi-boundary,current_pi,1.5422108254079407,valid,unstable,0.4653224789187995,0.4653224789187995,47.188238018389356,0.4653224789187995,47.188238018389356,matched,True,0.9986813759293941,0.9956875506699759,0.16965337407000833,54.02699837761335,5.616631532790581e-16,2.1611035194670114e-17,-1.1558008796933854,14.738248372391103,7.19910242530375e-17,1.6342482922482304e-13,8.500145032286355e-17
current-pi-boundary,current_pi,1.5759808451078865,valid,unstable,0.20107987466051203,0.20107987466051203,47.847542984199166,0.20107987466051203,47.847542984199166,matched,True,0.9985283584990499,0.9951640622007776,0.1799125937682909,54.02699837761335,7.641423970527372e-16,3.118261464540301e-17,-1.1559373110119036,14.730778566838586,7.19910242530375e-17,1.6342482922482304e-13,8.500145032286355e-17
current-pi-boundary,current_pi,1.593142151342267,valid,unstable,0.06663252486212645,0.06663252486212645,48.18109747199091,0.06663252486212645,48.18109747199091,matched,True,0.998448012925691,0.9948878070679356,0.18511393320685995,54.02699837761335,4.442845905307732e-16,1.8276637012294723e-17,-1.1559924227141045,14.727077544960135,7.19910242530375e-17,1.6342482922482304e-13,8.500145032286355e-17
current-pi-boundary,current_pi,1.597461597908627,valid,unstable,0.0327766015097275,0.0327766015097275,48.26489653093518,0.0327766015097275,48.26489653093518,matched,True,0.9984275205501245,0.9948171995347914,0.18642181115418163,54.02699837761335,3.5318335375125314e-16,1.7104707098773002e-17,-1.1560048918590782,14.726155880123104,7.19910242530375e-17,1.6342482922482304e-13,8.500145032286355e-17
current-pi-boundary,current_pi,1.599625710912193,valid,unstable,0.01581191749310662,0.01581191749310662,48.30685787681861,0.01581191749310662,48.30685787681861,matched,True,0.9984172130633285,0.9947816621480485,0.1870768863222496,54.02699837761335,3.987665365743468e-16,1.7962668319503443e-17,-1.1560109335676283,14.725695589961726,7.19910242530375e-17,1.6342482922482304e-13,8.500145032286355e-17
current-pi-boundary,current_pi,1.6007088665784697,valid,unstable,0.007320382873461817,0.007320382873461817,48.32785402620966,0.007320382873461817,48.32785402620966,matched,True,0.998412043962435,0.9947638348760052,0.18740470821745045,54.02699837761335,5.734165135916828e-16,3.0647061266657576e-17,-1.1560139064813912,14.725465580734342,7.19910242530375e-17,1.6342482922482304e-13,8.500145032286355e-17
current-pi-boundary,current_pi,1.6012507194198065,valid,unstable,0.0030723169013189278,0.0030723169013189278,48.33835597041706,0.0030723169013189278,48.33835597041706,matched,True,0.9984094555694873,0.9947549065833502,0.18756869043830807,54.02699837761335,4.817488344680935e-16,1.5884093815247556e-17,-1.156015380999874,14.725350610117355,7.19910242530375e-17,1.6342482922482304e-13,8.500145032286355e-17
current-pi-boundary,current_pi,1.601521714619676,valid,unstable,0.0009477091016227845,0.0009477091016227845,48.34360791261888,0.0009477091016227845,48.34360791261888,matched,True,0.9984081604108795,0.9947504387646606,0.18765069924312522,54.02699837761335,6.357797593965967e-16,1.8914830409238273e-17,-1.156016115265793,14.725293133312942,7.19910242530375e-17,1.6342482922482304e-13,8.500145032286355e-17
current-pi-boundary,current_pi,1.601589470585457,valid,unstable,0.0004164989512824846,0.0004164989512824846,48.34492099980887,0.0004164989512824846,48.34492099980887,matched,True,0.9984078365219542,0.9947493214302573,0.18767120334322102,54.02699837761335,3.691577696157173e-16,1.439117995599358e-17,-1.1560162985235363,14.725278764994437,7.19910242530375e-17,1.6342482922482304e-13,8.500145032286355e-17
current-pi-boundary,current_pi,1.601623349643303,valid,unstable,0.00015088558063691693,0.00015088558063691693,48.345577552462466,0.00015088558063691693,48.345577552462466,matched,True,0.9984076745619849,0.9947487627041472,0.1876814556874802,54.02699837761335,4.606160528576071e-16,3.105769505322413e-17,-1.1560163901111267,14.725271580971915,7.19910242530375e-17,1.6342482922482304e-13,8.500145032286355e-17
current-pi-boundary,current_pi,1.6016402894409716,valid,unstable,1.8074129646272752e-05,1.8074129646272752e-05,48.34590583829068,1.8074129646272752e-05,48.34590583829068,matched,True,0.9984075935771568,0.9947484833229299,0.18768658175564548,54.02699837761335,5.364626055522696e-16,2.774526804078114e-17,-1.1560164358908585,14.725267988994068,7.19910242530375e-17,1.6342482922482304e-13,8.500145032286355e-17
current-pi-boundary,current_pi,1.6016445244183835,valid,stable,-1.5128459115665294e-05,-1.5128459115665294e-05,48.3459879109229,-1.5128459115665294e-05,48.3459879109229,matched,True,0.9984075733317719,0.9947484134797185,0.18768786344108726,54.02699837761335,5.027202798074769e-16,1.4702328576237864e-17,-1.1560164473396384,14.725267091001239,7.19910242530375e-17,1.6342482922482304e-13,8.500145032286355e-17
current-pi-boundary,current_pi,1.601648759406993,valid,stable,-4.833105666079973e-05,-4.833105666079973e-05,48.346069982071356,-4.833105666079973e-05,48.346069982071356,matched,True,0.9984075530860815,0.9947483436373529,0.18768914507794077,54.02699837761335,5.814732944857278e-16,2.2654973613489448e-17,-1.156016458776206,14.725266193012338,7.19910242530375e-17,1.6342482922482304e-13,8.500145032286355e-17
current-pi-boundary,current_pi,1.6016572294178062,valid,stable,-0.00011473816707141538,-0.00011473816707141538,48.34623412883477,-0.00011473816707141538,48.34623412883477,matched,True,0.9984075125919026,0.9947482039404358,0.18769170813312766,54.02699837761335,4.2781866829572514e-16,2.5515390623677722e-17,-1.1560164816620957,14.725264397035767,7.19910242530375e-17,1.6342482922482304e-13,8.500145032286355e-17
current-pi-boundary,current_pi,1.6017927556826934,valid,stable,-0.001177281883475878,-0.001177281883475878,48.348860501939726,-0.001177281883475878,48.348860501939726,matched,True,0.9984068646126615,0.9947459685026514,0.18773272001515612,54.02699837761335,4.858918070454371e-16,2.5233764022726335e-17,-1.1560168475447248,14.725235662177557,7.19910242530375e-17,1.6342482922482304e-13,8.500145032286355e-17
current-pi-boundary,current_pi,1.6104903319492543,valid,stable,-0.0693795707510656,-0.0693795707510656,48.517284668347855,-0.0693795707510656,48.517284668347855,matched,True,0.9983650596859536,0.9946016237949115,0.19036365610646194,54.02699837761335,3.4346822353162054e-16,2.5782992101602185e-17,-1.156039238475362,14.723399587489086,7.19910242530375e-17,1.6342482922482304e-13,8.500145032286355e-17
current-pi-boundary,current_pi,1.681792830507429,valid,stable,-0.6292801238854473,-0.6292801238854473,49.88884012805551,-0.6292801238854473,49.88884012805551,matched,True,0.9980064116246762,0.9933536941095383,0.2118549964049813,54.02699837761335,7.080993756355224e-16,1.439117995599358e-17,-1.1561497203445135,14.708924593066424,7.19910242530375e-17,1.6342482922482304e-13,8.500145032286355e-17
current-pi-boundary,current_pi,2.0,valid,stable,-1.1556530857440426,-1.1556530857440426,14.655037741780264,-3.1328514357305295,55.83225776418505,matched,False,0.9975709864077201,0.9899920088349429,0.22119369199290762,54.02699837761335,4.11805928415119e-16,4.284281295970762e-17,-1.1556530857440426,14.655037741780264,7.19910242530375e-17,1.6342482922482304e-13,8.500145032286355e-17
converter-side-reactance-boundary,converter_side_reactance,0.5,valid,stable,-1.1598131007162582,-1.1598131007162582,14.667546374395743,-5.525100523803368,46.54277434142847,matched,False,0.9965751153368696,0.9921511771925202,0.22005633293427762,72.22644512647318,5.391713345684566e-16,1.439117995599358e-17,-1.1598131007162582,14.667546374395743,7.19910242530375e-17,2.2382096176443156e-13,2.6020852139652106e-17
converter-side-reactance-boundary,converter_side_reactance,0.5946035575013605,valid,stable,-1.1594395809779958,-1.1594395809779958,14.719789920262775,-2.4271762529170893,44.13822790442593,matched,False,0.9943250587944324,0.9837432453824188,0.29794984872504093,66.80711003360531,3.7923116264853806e-16,2.2019226532063058e-17,-1.1594395809779958,14.719789920262775,7.19910242530375e-17,4.689582056016661e-13,8.500145032286355e-17
converter-side-reactance-boundary,converter_side_reactance,0.6484197773255048,valid,stable,-1.0188856345005322,-1.0188856345005322,42.84612954273242,-1.0188856345005322,42.84612954273242,matched,True,0.9960273257030938,0.9881997897244625,0.245659670254517,64.33107014325157,9.194030770956139e-16,1.491914217025665e-17,-1.1585296188082266,14.747922921068128,7.19910242530375e-17,5.684341886080802e-14,8.500145032286355e-17
converter-side-reactance-boundary,converter_side_reactance,0.6771277734684464,valid,stable,-0.350918249169867,-0.350918249169867,42.18275234734813,-0.350918249169867,42.18275234734813,matched,True,0.9967656296570213,0.9902283628112344,0.21983989167632417,63.14942059888081,7.6002041845552315e-16,1.439117995599358e-17,-1.157834125173791,14.762423247490148,7.19910242530375e-17,3.232969447708456e-13,8.500145032286355e-17
converter-side-reactance-boundary,converter_side_reactance,0.691954940981916,valid,stable,-0.02602517997676035,-0.02602517997676035,41.847352924002884,-0.02602517997676035,41.847352924002884,matched,True,0.9971068220901271,0.9911873440304388,0.20701914153270373,62.57233895327737,6.852226017147521e-16,1.5364645364552756e-17,-1.1574173243146717,14.769768877585378,7.19910242530375e-17,4.014566457044566e-13,8.500145032286355e-17
converter-side-reactance-boundary,converter_side_reactance,0.6928923461049068,valid,stable,-0.005920703927146498,-0.005920703927146498,41.82631421773093,-0.005920703927146498,41.82631421773093,matched,True,0.9971275289660901,0.9912460011267822,0.20621988883009046,62.53657180453666,3.985466382754061e-16,2.591317462493197e-17,-1.1573896518597546,14.77022994276953,7.19910242530375e-17,1.8474111129762605e-13,2.6020852139652106e-17
converter-side-reactance-boundary,converter_side_reactance,0.6931268957437052,valid,stable,-0.000898285721019576,-0.000898285721019576,41.821053177249524,-0.000898285721019576,41.821053177249524,matched,True,0.9971326943359591,0.9912606415219902,0.2060201136709576,62.52763551505433,3.2008075430739825e-16,2.4599734966145945e-17,-1.1573827033110982,14.770345244114626,7.19910242530375e-17,9.237055564881302e-14,2.6020852139652106e-17
converter-side-reactance-boundary,converter_side_reactance,0.6931562200306014,valid,stable,-0.0002705916202732084,-0.0002705916202732084,41.820395510504014,-0.0002705916202732084,41.820395510504014,matched,True,0.9971333396897729,0.9912624708978145,0.20599514295036728,62.52651863897188,7.375788705081217e-16,1.439117995599358e-17,-1.1573818338387456,14.770359657757922,7.19910242530375e-17,5.684341886080802e-14,8.500145032286355e-17
converter-side-reactance-boundary,converter_side_reactance,0.6931635512961718,valid,stable,-0.00011366527457568054,-0.00011366527457568054,41.820231089957,-0.00011366527457568054,41.820231089957,matched,True,0.9971335010139344,0.9912629282191445,0.20598890014307414,62.52623941615479,6.426037069687999e-16,2.062979601345679e-17,-1.1573816164533626,14.770363261206104,7.19910242530375e-17,3.019806626980426e-13,8.500145032286355e-17
converter-side-reactance-boundary,converter_side_reactance,0.6931672169580345,valid,stable,-3.5205393392523376e-05,-3.5205393392523376e-05,41.82014888060519,-3.5205393392523376e-05,41.82014888060519,matched,True,0.9971335816759983,0.9912631568764988,0.2059857788160637,62.526099809754285,1.192171177459292e-15,1.439117995599358e-17,-1.1573815077907168,14.770365062940332,7.19910242530375e-17,1.0658141036401503e-13,2.6020852139652106e-17
converter-side-reactance-boundary,converter_side_reactance,0.6931690497962353,valid,unstable,4.023444188483438e-06,4.023444188483438e-06,41.82010777613877,4.023444188483438e-06,41.82010777613877,matched,True,0.9971336220066699,0.9912632712031989,0.20598421817601384,62.52603000778174,4.293414629389403e-16,1.861142840176405e-17,-1.1573814533954505,14.770365963798138,7.19910242530375e-17,3.126388037344441e-13,2.6020852139652106e-17
converter-side-reactance-boundary,converter_side_reactance,0.6931708826392823,valid,unstable,4.325198539056885e-05,4.325198539056885e-05,41.8200666717008,4.325198539056885e-05,41.8200666717008,matched,True,0.997133662337754,0.9912633855304367,0.2059826575417315,62.525960206588046,4.4023740166574597e-16,1.439117995599358e-17,-1.157381399078829,14.770366864668512,7.19910242530375e-17,5.684341886080802e-14,2.6020852139652106e-17
converter-side-reactance-boundary,converter_side_reactance,0.6931855455581272,valid,unstable,0.00035708854332572315,0.00035708854332572315,41.81973783156888,0.00035708854332572315,41.81973783156888,matched,True,0.9971339849685031,0.9912643001260026,0.2059701722313813,62.52540178453342,5.433173698352353e-16,2.1135143862473796e-17,-1.1573809642524149,14.770374071632661,7.19910242530375e-17,3.765876499528531e-13,8.500145032286355e-17
converter-side-reactance-boundary,converter_side_reactance,0.6932442003352779,valid,unstable,0.0016123697901164746,0.0016123697901164746,41.8184224521817,0.0016123697901164746,41.8184224521817,matched,True,0.9971352753171964,0.9912679581320171,0.20592023175827334,62.52316819201738,3.127219264985656e-16,1.7549147581696875e-17,-1.1573792243832124,14.770402900018444,7.19910242530375e-17,2.4158453015843406e-13,8.500145032286355e-17
converter-side-reactance-boundary,converter_side_reactance,0.6933615247794451,valid,unstable,0.004122654225978906,0.004122654225978906,41.81579159190026,0.004122654225978906,41.81579159190026,matched,True,0.9971378551651363,0.9912752723516057,0.2058203536857413,62.51870142042525,5.184681574587753e-16,1.4573165186457523e-17,-1.157375742552007,14.770460559438243,7.19910242530375e-17,2.8066438062523957e-13,2.6020852139652106e-17
converter-side-reactance-boundary,converter_side_reactance,0.6938310211492645,valid,unstable,0.014160088618534239,0.014160088618534239,41.80526679313111,0.014160088618534239,41.80526679313111,matched,True,0.9971481632071565,0.9913045052928675,0.20542087953554578,62.500839830768925,5.55684901149974e-16,1.439117995599358e-17,-1.1573617843599164,14.770691231955144,7.19910242530375e-17,9.947598300641403e-14,2.6020852139652106e-17
converter-side-reactance-boundary,converter_side_reactance,0.6957121878859631,valid,unstable,0.054250610232933205,0.054250610232933205,41.76314596226879,0.054250610232933205,41.76314596226879,matched,True,0.9971892138056577,0.9914210531956474,0.2038235935199333,62.42948131506235,4.2088124480699554e-16,3.0846216768607515e-17,-1.1573054612012914,14.771614477505194,7.19910242530375e-17,1.0302869668521453e-13,2.6020852139652106e-17
converter-side-reactance-boundary,converter_side_reactance,0.6994898362691556,valid,unstable,0.13414745965747343,0.13414745965747343,41.67880153241527,0.13414745965747343,41.67880153241527,matched,True,0.9972704435344633,0.9916522957842555,0.2006319645299945,62.28718514600202,7.186963461273997e-16,2.1608729910910575e-17,-1.157190442552848,14.773463603415827,7.19910242530375e-17,1.8118839761882555e-13,2.6020852139652106e-17
converter-side-reactance-boundary,converter_side_reactance,0.7071067811865476,valid,unstable,0.2928045621648181,0.2928045621648181,41.50971095625375,0.2928045621648181,41.50971095625375,matched,True,0.9974294175603406,0.9921072754999514,0.19426058852217273,62.0042698090988,5.088221706312932e-16,1.439117995599358e-17,-1.1569507542180193,14.777172116809117,7.19910242530375e-17,1.9539925233402755e-13,8.500145032286355e-17
converter-side-reactance-boundary,converter_side_reactance,1.0,valid,unstable,4.5864079704820355,4.5864079704820355,35.934112413708704,4.5864079704820355,35.934112413708704,matched,True,1.0,1.0,0.0,54.02699837761335,2.2984932684726863e-16,1.439117995599358e-17,-1.1398439405460405,14.89752800345711,7.19910242530375e-17,1.6342482922482304e-13,8.500145032286355e-17
grid-side-reactance-boundary,grid_side_reactance,1.0,valid,unstable,4.5864079704820355,4.5864079704820355,35.934112413708704,4.5864079704820355,35.934112413708704,matched,True,1.0,1.0,0.0,54.02699837761335,2.2984932684726863e-16,1.439117995599358e-17,-1.1398439405460405,14.89752800345711,7.19910242530375e-17,1.6342482922482304e-13,8.500145032286355e-17
grid-side-reactance-boundary,grid_side_reactance,1.414213562373095,valid,unstable,2.7805188251844415,2.7805188251844415,39.17276316570476,2.7805188251844415,39.17276316570476,matched,True,0.9976537571535404,0.9970184373277876,0.10236158603383241,54.02699837761335,4.185751728773298e-16,2.6911716646755763e-17,-1.6805453286396088,13.555191474647941,1.0148132334464322e-16,1.1013412404281553e-13,1.2533377113932431e-16
grid-side-reactance-boundary,grid_side_reactance,1.681792830507429,valid,unstable,1.525977051613654,1.525977051613654,40.95691590727588,1.525977051613654,40.95691590727588,matched,True,0.9941926300660683,0.9933117495268213,0.16236392152999424,54.02699837761335,4.925418684996184e-16,1.439117995599358e-17,-1.9450151702114913,12.840392916312515,1.1275702593849246e-17,3.7125857943465235e-13,1.231653667943533e-16
grid-side-reactance-boundary,grid_side_reactance,1.8340080864093424,valid,unstable,0.7899553056551105,0.7899553056551105,41.879479909067776,0.7899553056551105,41.879479909067776,matched,True,0.991686954467067,0.9909251436553334,0.19472705993626593,54.02699837761335,5.684093090442488e-16,2.0988257055926875e-17,-2.0737692328108333,12.475095168402179,8.326672684688674e-17,2.842170943040401e-14,8.326672684688674e-17
grid-side-reactance-boundary,grid_side_reactance,1.9152065613971472,valid,unstable,0.39199976721243246,0.39199976721243246,42.34628936048596,0.39199976721243246,42.34628936048596,matched,True,0.9902069789722853,0.9896028132664815,0.21151286163816688,54.02699837761335,6.303788237207615e-16,2.0646409811414326e-17,-2.1371279528432137,12.290859391376678,1.1882855810441129e-16,1.2079226507921703e-13,1.734723475976807e-18
grid-side-reactance-boundary,grid_side_reactance,1.9571441241754004,valid,unstable,0.18518875172248883,0.18518875172248883,42.58075669445337,0.18518875172248883,42.58075669445337,matched,True,0.9894054417902514,0.9889100122021744,0.22005801882734152,54.02699837761335,4.022581708438734e-16,1.439117995599358e-17,-2.1685405720752,12.198390960536559,1.1102230246251565e-16,2.540190280342358e-13,5.637851296924623e-18
grid-side-reactance-boundary,grid_side_reactance,1.9784560263879511,valid,unstable,0.0797817062998405,0.0797817062998405,42.6982121798553,0.0797817062998405,42.6982121798553,matched,True,0.9889886498783671,0.9885557849037105,0.22436877307582156,54.02699837761335,6.521500360880486e-16,2.5455956151826112e-17,-2.184179038823856,12.152074654709482,5.551115123125783e-17,1.438849039914203e-13,5.2475385148298415e-17
grid-side-reactance-boundary,grid_side_reactance,1.9891988469672666,valid,unstable,0.026572419207829157,0.026572419207829157,42.756989644482026,0.026572419207829157,42.756989644482026,matched,True,0.9887761659820552,0.9883767250930503,0.22653370550566834,54.02699837761335,2.2984932684726863e-16,1.439117995599358e-17,-2.191981188109347,12.128896655767358,1.205632815803881e-16,1.1901590823981678e-13,7.24247051220317e-17
grid-side-reactance-boundary,grid_side_reactance,1.9918936542146117,valid,unstable,0.013217148404478074,0.013217148404478074,42.77168889987623,0.013217148404478074,42.77168889987623,matched,True,0.9887226151385301,0.988331757947979,0.22707593437758436,54.02699837761335,3.082658759929262e-16,2.234287123016635e-17,-2.1939299401122527,12.12310012108392,5.724587470723463e-17,3.907985046680551e-14,2.168404344971009e-18
grid-side-reactance-boundary,grid_side_reactance,1.9932424265452047,valid,unstable,0.006531559467203962,0.006531559467203962,42.77903924612743,0.006531559467203962,42.77903924612743,matched,True,0.9886957749823905,0.988309244069063,0.2273471982029498,54.02699837761335,4.199212672343459e-16,1.439117995599358e-17,-2.1949040480845032,12.120201550507163,2.3418766925686896e-17,2.4868995751603507e-14,3.469446951953614e-17
grid-side-reactance-boundary,grid_side_reactance,1.9939171551575383,valid,unstable,0.0031867734230583977,0.0031867734230583977,42.78271460267383,0.0031867734230583977,42.78271460267383,matched,True,0.9886823387057909,0.9882979795472285,0.22748286761419573,54.02699837761335,2.9671899094784226e-16,2.4859169780253307e-17,-2.1953910351333206,12.118752189573513,3.469446951953614e-18,6.750155989720952e-14,1.3444106938820255e-16
grid-side-reactance-boundary,grid_side_reactance,1.994254605109274,valid,unstable,0.0015138821747475717,0.0015138821747475717,42.78455231628802,0.0015138821747475717,42.78455231628802,matched,True,0.9886756165044118,0.9882923454091812,0.22755071146028874,54.02699837761335,5.108640713828975e-16,1.7686795498348996e-17,-2.195634511732539,12.118027490224918,3.122502256758253e-17,1.3500311979441904e-13,3.165870343657673e-17
grid-side-reactance-boundary,grid_side_reactance,1.9944233515007619,valid,unstable,0.0006773134117246116,0.0006773134117246116,42.7854711922805,0.0006773134117246116,42.7854711922805,matched,True,0.9886722544003107,0.9882895278529705,0.22758463588436947,54.02699837761335,5.615143227647882e-16,2.2015458701390298e-17,-2.1957562460813183,12.117665135806497,1.1102230246251565e-16,1.2967404927621828e-13,4.2934406030425976e-17
grid-side-reactance-boundary,grid_side_reactance,1.9945077300509393,valid,unstable,0.0002589947578153229,0.0002589947578153229,42.78593062561107,0.0002589947578153229,42.78593062561107,matched,True,0.9886705730823885,0.9882881189689389,0.2276015985581868,54.02699837761335,3.054360778326783e-16,1.439117995599358e-17,-2.195817111869239,12.117483957457333,2.7755575615628914e-16,1.0658141036401503e-14,1.1275702593849246e-16
grid-side-reactance-boundary,grid_side_reactance,1.9945499206647026,valid,unstable,4.983001959768529e-05,4.983001959768529e-05,42.78616034497487,4.983001959768529e-05,42.78616034497487,matched,True,0.9886697323657105,0.9882874144951584,0.22761008005073471,54.02699837761335,4.642095930620287e-16,2.7251144135194463e-17,-2.1958475446922012,12.117393367967512,5.551115123125783e-17,2.362554596402333e-13,5.2475385148298415e-17
grid-side-reactance-boundary,grid_side_reactance,1.9945604684575917,valid,stable,-2.4638821178868398e-06,-2.4638821178868398e-06,42.78621777540882,-2.4638821178868398e-06,42.78621777540882,matched,True,0.9886695221799743,0.9882872383748789,0.22761220048030592,54.02699837761335,2.2984932684726863e-16,1.439117995599358e-17,-2.1958551528374564,12.117370720572382,1.1102230246251565e-16,3.055333763768431e-13,6.678685382510707e-17
grid-side-reactance-boundary,grid_side_reactance,1.9945710163062609,valid,stable,-5.4752165810079134e-05,-5.4752165810079134e-05,42.786275210181955,-5.4752165810079134e-05,42.786275210181955,matched,True,0.9886693119974116,0.988287062236804,0.22761432092359818,54.02699837761335,4.3048465317073514e-16,2.2035578498108492e-17,-2.195862761109082,12.117348073160972,5.551115123125783e-17,2.0961010704922955e-13,3.642919299551295e-17
grid-side-reactance-boundary,grid_side_reactance,1.9945921121709405,valid,stable,-0.00015934109366977367,-0.00015934109366977367,42.78639006493208,-0.00015934109366977367,42.78639006493208,matched,True,0.9886688916054883,0.988286709999687,0.22761856166188146,54.02699837761335,3.848707736443616e-16,1.4916831902322778e-17,-2.1958779772616372,12.11730277829608,1.1102230246251565e-16,2.3092638912203256e-13,1.244664094013359e-16
grid-side-reactance-boundary,grid_side_reactance,2.0,valid,stable,-0.02697609453613037,-0.02697609453613037,42.81579801070154,-0.02697609453613037,42.81579801070154,matched,True,0.9885609249572194,0.988196371928431,0.22870501181853795,54.02699837761335,2.2984932684726863e-16,1.439117995599358e-17,-2.1997719048132733,12.105705680321618,1.1102230246251565e-16,1.1013412404281553e-13,3.642919299551295e-17
