case_name,frequency_Hz,Y11_real,Y11_imag,Y12_real,Y12_imag,Y21_real,Y21_imag,Y22_real,Y22_imag
stable,0.1,4.347296792919,-0.345716837762094,3.03535267014075,0.605868435193234,-5.90857982006277,-0.340465457045577,-4.33880877339833,0.580287778425217
stable,0.105011563593534,4.34433247482862,-0.362859458605917,3.03971000180376,0.635985264412373,-5.91121206374657,-0.357368752152533,-4.3349726245301,0.609155345520084
stable,0.110274284883587,4.34106543560904,-0.380832297396975,3.04451280784547,0.667572483484438,-5.91411316539333,-0.375094031960814,-4.33074423712408,0.639435859666976
stable,0.115800750797843,4.3374649712787,-0.399672409714763,3.04980637840694,0.700697641037946,-5.91731040496433,-0.393678531462646,-4.32608372305051,0.671194804915049
stable,0.121604179065866,4.33349730953376,-0.419417993102755,3.05564055279573,0.735430703788527,-5.92083379089091,-0.413160729534536,-4.32094718536416,0.704500108051914
stable,0.127698449832146,4.32912531321119,-0.440108332452699,3.06207016421382,0.771844025820503,-5.92471632428129,-0.433580313939022,-4.31528632590397,0.739422129211791
stable,0.13409813885344,4.32430815734827,-0.461783725306674,3.06915552522106,0.81001229259784,-5.92899428676885,-0.454978129470537,-4.3090480168368,0.776033631411898
stable,0.140818552359825,4.31900097801101,-0.484485383424578,3.07696295703006,0.850012434770138,-5.93370755366952,-0.477396106094948,-4.30217383337878,0.814409724774549
stable,0.147875763662831,4.31315449106809,-0.508255306391409,3.08556536580382,0.891923506037754,-5.93889993411861,-0.500877163433844,-4.29459954485022,0.85462778049757
stable,0.155286651598217,4.30671457913506,-0.533136122383362,3.09504286915879,0.93582651841905,-5.94461953982692,-0.525465087374433,-4.28625456118352,0.89676730883677
stable,0.163068940895331,4.29962184501742,-0.559170890464445,3.10548347604284,0.981804227206072,-5.95091918401737,-0.551204373935253,-4.2770613320172,0.940909794447155
stable,0.171241244569602,4.2918111301587,-0.58640285793521,3.11698382304154,1.02994085668533,-5.95785681196246,-0.578140034777342,-4.2669346955974,0.987138481379265
stable,0.179823108439566,4.28321099687033,-0.614875165291483,3.12964996993793,1.0803217563191,-5.9654959643215,-0.606317357910333,-4.25578117488777,1.0355380988269
stable,0.188835057874883,4.2737431735125,-0.644630490262279,3.14359825697837,1.13303297550998,-5.97390627415402,-0.6357816161931,-4.24349821859356,1.08619451735516
stable,0.198298646887169,4.26332196233824,-0.675710621171698,3.15895622573818,1.18816074328674,-5.98316399803093,-0.666577715159606,-4.22997338526934,1.13919432378505
stable,0.208236509681036,4.25185361044924,-0.708155948499945,3.175863604682,1.24579083723296,-5.99335258104788,-0.698749770503458,-4.21508346934758,1.19462430115532
stable,0.218672414788656,4.23923564528748,-0.742004861996066,3.19447335941252,1.3060078237118,-6.00456325472131,-0.732340604222741,-4.19869356885317,1.25257079820544
stable,0.229631321917304,4.22535617736098,-0.777293039015988,3.21495280611563,1.3688941489056,-6.01689566566687,-0.767391146955929,-4.18065609582637,1.3131189706132
stable,0.241139441645862,4.21009317454713,-0.81405260792604,3.23748478474389,1.43452905737644,-6.03045853156239,-0.803939732431334,-4.16080973214621,1.37635187376441
stable,0.253224298113036,4.19331371441634,-0.852311168435102,3.26226888591319,1.50298731176274,-6.04537031910507,-0.842021268215121,-4.13897833563368,1.44234938412962
stable,0.265914794847249,4.17487322367804,-0.892090648621613,3.28952272217465,1.57433768386989,-6.061759936403,-0.8816662650958,-4.11496980414216,1.51118692338316
stable,0.279241283895634,4.15461471718757,-0.933405976246166,3.31948323009134,1.64864118382342,-6.07976742938107,-0.92289970552101,-4.08857490896445,1.58293395625041
stable,0.293235638417463,4.13236805311262,-0.976263539753074,3.35240798418788,1.7259489901951,-6.09954466821532,-0.965739729561457,-4.05956611348067,1.65765222976296
stable,0.307931328915658,4.10794922600259,-1.02065941226567,3.388576497106,1.8063000401917,-6.12125600538892,-1.01019611500271,-4.02769639875277,1.73539371822913
stable,0.323363503288679,4.08115972582245,-1.06657731001713,3.42829147190337,1.88971823527832,-6.14507888152818,-1.0562685264829,-3.99269812498875,1.81619823492708
stable,0.339569070894269,4.0517859987103,-1.11398625523946,3.4718799620507,1.97620921423838,-6.17120434854592,-1.10394450728169,-3.9542819667349,1.90009066851117
stable,0.356586790826106,4.01959905451804,-1.16283791284574,3.51969438194894,2.06575664300335,-6.1998374715984,-1.15319718666939,-3.91213597062806,1.98707779968885
stable,0.374457364614496,3.98435427732258,-1.21306357067766,3.57211329531274,2.15831796911226,-6.23119756175151,-1.20398267598178,-3.86592479789113,2.07714465230043
stable,0.393223533572821,3.94579150826689,-1.26457073517325,3.62954189014752,2.25381958906312,-6.26551817986479,-1.25623712824527,-3.81528922983688,2.17025033310062
stable,0.412930181022563,3.90363548547155,-1.31723931872539,3.69241202691172,2.3521513800079,-6.30304683888186,-1.30987343982898,-3.75984603378845,2.26632331708351
stable,0.433624439641402,3.85759674343684,-1.37091740263253,3.7611817205082,2.45316055442568,-6.34404431638938,-1.36477757900644,-3.69918830929198,2.36525614114975
stable,0.455355804191134,3.80737309425718,-1.42541657150163,3.83633388685895,2.5566448091387,-6.38878347202165,-1.42080453643209,-3.6328864604141,2.46689947962844
stable,0.478176249895018,3.75265183478062,-1.48050683262306,3.91837415114434,2.66234476028159,-6.43754744530827,-1.47777390756129,-3.56048996916091,2.57105559233419
stable,0.502140356747681,3.69311284687316,-1.53591115883684,4.00782747795246,2.7699356860103,-6.49062708947223,-1.53546513839148,-3.48153017711062,2.67747116155482
stable,0.527305440054887,3.62843278096027,-1.59129972764353,4.10523334490707,2.87901864172537,-6.54831747653348,-1.59361249521606,-3.3955243160962,2.78582957112203
stable,0.553731687515399,3.55829053402686,-1.64628397484862,4.21113914315898,2.98911107166582,-6.61091329055887,-1.65189985816455,-3.30198106222054,2.89574273136794
stable,0.58148230317278,3.48237424926936,-1.70041063995961,4.32609145416593,3.09963711943066,-6.67870291159286,-1.70995548897909,-3.20040791743604,3.00674262138344
stable,0.610623658581427,3.40039007132415,-1.75315605471119,4.45062482802902,3.20991794173369,-6.75196098638884,-1.76734698735918,-3.09032074458323,3.11827280757217
stable,0.641225451548396,3.31207288260221,-1.80392101659414,4.58524768220011,3.31916245725795,-6.83093928857282,-1.82357672830274,-2.9712557883576,3.229680307475
stable,0.673360872830666,3.21719921514058,-1.85202669583353,4.73042496126076,3.42645911703338,-6.91585569687471,-1.8780781649945,-2.84278449698548,3.34020830132383
stable,0.707106781186547,3.11560246916549,-1.89671214428831,4.88655726229108,3.53076946261422,-7.00688117366067,-1.93021348575396,-2.70453140569374,3.44899034939155
stable,0.742543887199899,3.00719046344257,-1.93713410205856,5.05395625242902,3.63092443711697,-7.10412471656647,-1.97927322409968,-2.55619523920825,3.55504694555313
stable,0.779756946316818,2.89196518212216,-1.97236992103012,5.23281640368761,3.72562461868757,-7.20761639343046,-2.02447852855853,-2.39757322078197,3.65728541527831
stable,0.81883496155648,2.77004435801329,-2.00142452655475,5.42318336275604,3.81344573374995,-7.31728876384538,-2.06498688831424,-2.22858832411078,3.75450433027002
stable,0.859871396380969,2.64168423686109,-2.02324239378412,5.62491967418184,3.89285094460919,-7.43295724497787,-2.09990216045536,-2.04931885979357,3.84540373301737
stable,0.902964398233205,2.50730250307675,-2.03672549092523,5.83766908829456,3.96221144632836,-7.55430029349294,-2.12828972600977,-1.8600293457363,3.92860250267912
stable,0.94821703327763,2.36749992935268,-2.04075799879626,6.06082129780405,4.01983679365928,-7.68084063685444,-2.14919748131257,-1.66120108168245,4.00266409911991
stable,0.995737532905055,2.2230788741446,-2.03423831370251,6.29347962093762,4.06401604625165,-7.81192916732317,-2.16168311307455,-1.45356026450307,4.06613163912958
stable,1.04563955259127,2.07505634870055,-2.01611834427173,6.53443481240638,4.0930702094226,-7.94673346197269,-2.16484767961238,-1.23810090470418,4.11757273561738
stable,1.09804244372852,1.92466909031208,-1.98544940621858,6.78214872644165,4.10541551890106,-8.08423314200152,-2.15787491251839,-1.01609933055368,4.15563373204957
stable,1.15307153907997,1.7733680118709,-1.94143311904783,7.03475183382784,4.0996358739496,-8.22322434707904,-2.14007487665863,-0.789116819398537,4.17910189209767
stable,1.2108584525399,1.62279965733295,-1.88347468074969,7.29005844324742,4.07456123300099,-8.362335381975,-2.11092973755031,-0.558987018286044,4.18697281689226
stable,1.27154139391661,1.47477296897469,-1.81123486405095,7.54560274402228,4.02934720314479,-8.50005501420755,-2.0701384900126,-0.327785440484897,4.17851899131259
stable,1.33526549949084,1.33121080688034,-1.72467622021418,7.79869737717859,3.96354962165852,-8.63477392593186,-2.017656755335,-0.097779534787271,4.15335411508715
stable,1.40218317914034,1.19408721221483,-1.62409850843279,8.04651416833492,3.87718695310785,-8.7648384855149,-1.95372734188449,0.12864038931415,4.11148702109943
stable,1.47245448086079,1.06535322393183,-1.51015849847536,8.2861840850437,3.77078313115728,-8.88861443219127,-1.87889736672802,0.349046876641798,4.0533588013656
stable,1.54624747355496,0.946855884932255,-1.38387016397928,8.51491074490352,3.64538431340621,-9.00455648362119,-1.79401847836479,0.561072807496602,3.97985747169696
stable,1.62373864900557,0.84025657360649,-1.24658291028468,8.73008936353405,3.50254498333113,-9.11127857032225,-1.70022811953665,0.762513652479465,3.89230619247704
stable,1.70511334399327,0.746955628210858,-1.0999377136166,8.92942140288648,3.34428178700714,-9.20761866943354,-1.59891169657758,0.951426083045844,3.79242360863458
stable,1.79056618356931,0.668030136214621,-0.945803571237356,9.11101478787243,3.17299704516004,-9.29269227862632,-1.49164770592806,1.12621415958398,3.68225794372805
stable,1.8803015465432,0.604190648928353,-0.786199045817094,9.27346061813794,2.99137745210627,-9.36592951963609,-1.38013993891268,1.28569521360913,3.56409958014374
stable,1.9745340542984,0.555760579740746,-0.623205488578725,9.41587972821589,2.80227641627236,-9.42709258370028,-1.26614245867792,1.42913962256605,3.44037942075598
stable,2.07348908410554,0.522679480666286,-0.458879402521021,9.53793585584124,2.60859026489314,-9.47627244658412,-1.15138382011965,1.55628161368299,3.31356188118653
stable,2.17740330816047,0.504528721011369,-0.295171210123463,9.63981596117561,2.41313882434155,-9.51386609722106,-1.03749685251518,1.66730150769678,3.18604163913962
stable,2.28652525963663,0.500575778806339,-0.133856499952731,9.72218173233636,2.21855971212207,-9.540537538834,-0.925959311550219,1.76278284783529,3.06005227610042
stable,2.40111592710553,0.509831761022373,0.0235160775352701,9.78609895222662,2.02722335058524,-9.55716722090315,-0.818049070708803,1.84365016570697,2.93759295382499
stable,2.52144937874688,0.53111607239701,0.175658320555425,9.83295285431102,1.84117274598867,-9.5647951860507,-0.714815599048607,1.91109442148414,2.82037671154166
stable,2.64781341784154,0.563122335939563,0.321557595978462,9.86435780287221,1.66208903207704,-9.56456308101787,-0.617067608682828,1.9664933667574,2.70980133473325
stable,2.78051027111478,0.604480550500227,0.460475524214439,9.88206878127978,1.49128113479168,-9.55765943841474,-0.525375225522769,2.01133337047813,2.60694144828113
stable,2.91985731157643,0.653811781784483,0.591933360159027,9.88790059858309,1.32969598421523,-9.54527151736315,-0.440083999747504,2.04713791109723,2.51255879568378
stable,3.06618781758652,0.709773139564096,0.715687760489276,9.88365881654813,1.17794459654025,-9.52854574009365,-0.361337564688147,2.07540630318325,2.42712668415951
stable,3.21985176996205,0.771092159361658,0.83170064346506,9.87108450016884,1.03633902030221,-9.50855758164677,-0.289105713223539,2.09756459090289,2.35086426018555
stable,3.38121668903121,0.836590824486096,0.940106460474126,9.85181325235889,0.904935425027315,-9.48629079694429,-0.223214970087816,2.11492911769588,2.28377649374242
stable,3.55066851363717,0.905200260848431,1.04117957024446,9.82734774300431,0.783579298147646,-9.4626251674077,-0.163379259078805,2.12868218842429,2.22569631419899
stable,3.72861252419367,0.975967609073565,1.1353036841584,9.7990421189695,0.671949604464274,-9.43833152189581,-0.109228870439386,2.13985850843366,2.17632608292664
stable,3.91547431200009,1.04805676929483,1.222944647614,9.76809624845439,0.569599686544767,-9.4140725978973,-0.060336529262307,2.14934068291299,2.13527636653176
stable,4.11170079713445,1.12074469022448,1.30462721094773,9.73555763351522,0.47599353033714,-9.39040830271882,-0.0162398886233861,2.15786192484831,2.10210069319644
stable,4.31776129735866,1.19341470691594,1.38091596051291,9.70232892827276,0.390536723970497,-9.36780405115615,0.0235398094718174,2.16601417458542,2.07632557898074
stable,4.53414865059277,1.26554818505625,1.45240023432937,9.66917924194666,0.312601975603284,-9.34664104267896,0.0594828532160555,2.17426000704076,2.05747558150297
stable,4.76138039364257,1.33671545438179,1.51968262686903,9.63675771501314,0.241549432739583,-9.3272275558908,0.0920597007967285,2.1829469356858,2.04509347924162
stable,5,1.4065667459345,1.58337057343119,9.60560818167491,0.176742281515237,-9.30981055194409,0.121722759159318,2.19232297345371,2.0387559032503
unstable,0.1,0.501529296555103,-0.00189518868840157,-0.0314309881498373,0.0316185843184035,-0.00177990833182473,-0.123880366206095,-0.500596483337099,-5.01096998519592e-05
unstable,0.105011563593534,0.501686632820972,-0.00201023793731202,-0.0346726023336573,0.0332251589304617,-0.00196269422451504,-0.130085624145673,-0.500657815683637,-5.80553967301153e-05
unstable,0.110274284883587,0.501860180242594,-0.00213424007140569,-0.0382499386755976,0.0349157507951378,-0.00216424123788032,-0.13660137510446,-0.500725459964612,-6.72643506750093e-05
unstable,0.115800750797843,0.502051614396329,-0.00226815176072835,-0.0421980707503595,0.0366951318433395,-0.00238647286419825,-0.143443102644128,-0.500800066988618,-7.79383302425105e-05
unstable,0.121604179065866,0.502262785192999,-0.00241305911503922,-0.0465558024145191,0.0385684040616229,-0.00263150933545387,-0.150627054135945,-0.500882354941187,-9.03115886674547e-05
unstable,0.127698449832146,0.502495735268037,-0.0025701973922989,-0.0513660788929441,0.0405410310186463,-0.0029016876442156,-0.158170277120203,-0.500973116422369,-0.00010465616564325
unstable,0.13409813885344,0.502752720366995,-0.00274097388112089,-0.0566764462682302,0.0426188735154878,-0.00319958357937739,-0.166090657185026,-0.501073226233855,-0.000121288074334863
unstable,0.140818552359825,0.503036231955185,-0.00292699448931416,-0.062539565732351,0.0448082300188556,-0.00352803597450362,-0.174406957393025,-0.501183649998922,-0.000140574526954329
unstable,0.147875763662831,0.50334902230914,-0.00313009466420198,-0.0690137899313553,0.0471158826553709,-0.003890173384764,-0.183138859278155,-0.501305453708632,-0.000162942380304916
unstable,0.155286651598217,0.503694132380796,-0.00335237538154065,-0.076163809880814,0.0495491496881706,-0.00428944342810468,-0.192307005427588,-0.501439814299229,-0.00018888801633114
unstable,0.163068940895331,0.504074922763462,-0.00359624507219423,-0.08406138228849,0.0521159455694368,-0.00472964504740345,-0.201933043654109,-0.501588031378961,-0.000218988913105863
unstable,0.171241244569602,0.50449510813278,-0.00386446851368984,-0.0927861487367031,0.0548248498708059,-0.00521496397291587,-0.212039672753249,-0.501751540237866,-0.000253917210343507
unstable,0.179823108439566,0.50495879558698,-0.00416022390286363,-0.102426560106356,0.0576851866463853,-0.00575001168831574,-0.222650689825614,-0.501931926291728,-0.000294455632321134
unstable,0.188835057874883,0.505470527370213,-0.00448716955280602,-0.113080921937706,0.0607071160909508,-0.00633986822900662,-0.233791039128418,-0.502130941132107,-0.000341516202358739
unstable,0.198298646887169,0.506035328532296,-0.00484952193069241,-0.124858579207468,0.063901740732344,-0.00699012916800861,-0.245486862400476,-0.50235052037851,-0.000396162269701875
unstable,0.208236509681036,0.506658760159756,-0.00525214708343643,-0.137881262368084,0.0672812288593775,-0.0077069571724084,-0.257765550581391,-0.502592803557331,-0.000459634475482352
unstable,0.218672414788656,0.507346978909292,-0.00570066789875814,-0.152284620582356,0.0708589584568393,-0.0084971385417903,-0.270655796817757,-0.502860156266098,-0.000533381414125799
unstable,0.229631321917304,0.508106803688774,-0.00620159013707972,-0.168219973071997,0.0746496856260089,-0.00936814516879835,-0.284187650616158,-0.503155194922182,-0.000619095906144649
unstable,0.241139441645862,0.508945790466644,-0.00676245076608808,-0.18585631560773,0.0786697423495479,-0.010328202390378,-0.298392572963742,-0.503480814444089,-0.000718757995410698
unstable,0.253224298113036,0.509872316353161,-0.0073919928622757,-0.20538262669069,0.0829372695620844,-0.0113863632254279,-0.313303492191253,-0.50384021927308,-0.00083468602867288
unstable,0.265914794847249,0.510895674292597,-0.00810037224759106,-0.227010527283434,0.0874724928759014,-0.0125525895193488,-0.328954860299497,-0.504236958216009,-0.000969597480130957
unstable,0.279241283895634,0.512026179942452,-0.00889940215024517,-0.25097735952794,0.0922980500689742,-0.0138378405366598,-0.345382709406997,-0.504674963680861,-0.00112668156604191
unstable,0.293235638417463,0.513275292604363,-0.00980284357635971,-0.277549764369908,0.0974393816822669,-0.015254169557228,-0.362624707902635,-0.505158595989767,-0.001309686175561
unstable,0.307931328915658,0.514655752425028,-0.0108267508318229,-0.307027856223834,0.102925198945046,-0.0168148290367258,-0.38072021580064,-0.505692693597168,-0.00152302225322459
unstable,0.323363503288679,0.516181736521685,-0.0119898838450135,-0.339750115860847,0.108788046954291,-0.0185343848836243,-0.399710338694421,-0.506282630222994,-0.00177188954404215
unstable,0.339569070894269,0.517869037228039,-0.0133142017489975,-0.376099152045508,0.115064985854158,-0.0204288403778851,-0.419637979588208,-0.506934380145097,-0.00206242860535047
unstable,0.356586790826106,0.519735266333094,-0.0148254557718727,-0.416508520055661,0.12179841907471,-0.0225157702031176,-0.44054788774857,-0.507654593199856,-0.00240190526940082
unstable,0.374457364614496,0.521800090036463,-0.0165539041074028,-0.46147083375389,0.129037106023921,-0.024814464974275,-0.462486703558777,-0.50845068143978,-0.00279893540069011
unstable,0.393223533572821,0.524085500422083,-0.018535177438479,-0.511547470976933,0.13683740772271,-0.0273460865032341,-0.485502998173921,-0.50933091992727,-0.00326375996030133
unstable,0.412930181022563,0.52661613062819,-0.0208113316372859,-0.567380254682638,0.145264828775084,-0.030133833835994,-0.509647306559931,-0.510304564854133,-0.00380858324255268
unstable,0.433624439641402,0.529419622659844,-0.0234321345290169,-0.62970560151744,0.154395939268709,-0.0332031197916062,-0.534972152250304,-0.511381993138167,-0.00444799093293366
unstable,0.455355804191134,0.532527059080076,-0.0264566474111245,-0.699371775047519,0.164320787865523,-0.0365817572978204,-0.561532061865152,-0.51257486896379,-0.00519946969642208
unstable,0.478176249895018,0.535973472802615,-0.0299551805928828,-0.777360076774101,0.175145955627348,-0.0403001542002673,-0.589383567101878,-0.513896344553535,-0.00608405683338159
unstable,0.502140356747681,0.53979845313511,-0.0340117274711222,-0.864811074277685,0.186998453711092,-0.0443915143472062,-0.618585191518242,-0.515361305002999,-0.00712715784313549
unstable,0.527305440054887,0.544046871420839,-0.0387270163769104,-0.963057331607867,0.200030743998033,-0.0488920415140158,-0.649197418978669,-0.516986670615952,-0.00835958254187518
unstable,0.553731687515399,0.548769756564143,-0.0442223677433845,-1.07366461545707,0.21442727072139,-0.0538411409745881,-0.681282640114311,-0.518791775343074,-0.00981886820944793
unstable,0.58148230317278,0.55402536004907,-0.0506446122579245,-1.1984842662738,0.23041304984861,-0.0592816110181562,-0.714905072546879,-0.520798847434711,-0.0115509833595795
unstable,0.610623658581427,0.559880462681394,-0.0581724230342893,-1.33972044445643,0.248265097559661,-0.0652598130979395,-0.750130649936291,-0.523033629482961,-0.013612541590656
unstable,0.641225451548396,0.566411992474611,-0.067024556158325,-1.50001743996653,0.268327831708391,-0.0718258040399669,-0.787026874125626,-0.525526191593542,-0.0160737069103835
unstable,0.673360872830666,0.573709046637249,-0.0774707024453264,-1.68257440828746,0.291034119585019,-0.0790334059842847,-0.825662623774255,-0.52831201665171,-0.01902204832469
unstable,0.707106781186547,0.581875442947748,-0.0898459663614214,-1.89129815089719,0.316934487047317,-0.0869401781088211,-0.866107911910123,-0.531433475776055,-0.0225677157973419
unstable,0.742543887199899,0.591032970198568,-0.104570467593326,-2.13100952520158,0.346738346188357,-0.095607236453061,-0.908433583856185,-0.534941874014381,-0.0268504839872314
unstable,0.779756946316818,0.601325567968046,-0.12217631110171,-2.40772680779651,0.381373289994545,-0.10509884053504,-0.952710946151165,-0.538900346707396,-0.032049481497087
unstable,0.81883496155648,0.612924747152631,-0.143345373838159,-2.72906167626874,0.422072175600601,-0.115481621403963,-0.999011316763015,-0.543388053721618,-0.0383968555432682
unstable,0.859871396380969,0.626036666925662,-0.168963334495447,-3.10478366971277,0.470504058087844,-0.126823253640431,-1.04740548794531,-0.548506403867528,-0.0461973281598248
unstable,0.902964398233205,0.640911404368985,-0.200198725018379,-3.54764300117115,0.528976346958078,-0.139190252135438,-1.09796309750311,-0.554388545147281,-0.0558567875185157
unstable,0.94821703327763,0.657855052645954,-0.238621656320839,-4.07460077069016,0.60075649702229,-0.152644362179415,-1.15075191670284,-0.561214278018559,-0.0679251200074854
unstable,0.995737532905055,0.677245231830533,-0.286387559617589,-4.70872244058113,0.690601990345217,-0.167236626552263,-1.20583709494187,-0.569234307956821,-0.083162202700717
unstable,1.04563955259127,0.699549984394518,-0.346531600956983,-5.48219152516859,0.805669388314724,-0.182997484512518,-1.26328048125098,-0.578811277025842,-0.102642950285281
unstable,1.09804244372852,0.725347596067118,-0.423460037805966,-6.44129789892693,0.957149290302428,-0.199919805903072,-1.32314034687293,-0.590492479082211,-0.127931053914309
unstable,1.15307153907997,0.755336661032122,-0.523810918085472,-7.65508660786073,1.1633781248369,-0.217928695944419,-1.3854723771758,-0.60514606392988,-0.161379695818534
unstable,1.2108584525399,0.79029845873646,-0.658052547300763,-9.23121349595802,1.45618285454127,-0.236824952665661,-1.45033434655045,-0.624233974105142,-0.206681324167358
unstable,1.27154139391661,0.830879432803299,-0.8436741117629,-11.3470662585432,1.89497399116215,-0.256171902320513,-1.51780167999596,-0.650406889185843,-0.269942380125702
unstable,1.33526549949084,0.876704741380608,-1.11216210309305,-14.3162824606901,2.60167770781725,-0.275048344141569,-1.58801778476856,-0.688948967588887,-0.361966926481223
unstable,1.40218317914034,0.922779299510796,-1.52617686893209,-18.7472373111345,3.86092780503588,-0.291443489968417,-1.66137102100008,-0.751829312014488,-0.5036490195223
unstable,1.47245448086079,0.942769403150237,-2.22916572711361,-25.9772077459607,6.47276851179487,-0.300526668491235,-1.73923596540705,-0.871607499159668,-0.740518348117398
unstable,1.54624747355496,0.786314769535705,-3.62338147924357,-39.4706894532377,13.4456498857764,-0.288561677243424,-1.82816959045844,-1.16619634920998,-1.18797268494701
unstable,1.62373864900557,-0.884498664530185,-7.12661416131281,-68.4208675754413,43.4695881194251,-0.2088552584376,-1.98024007274238,-2.33243716719323,-2.12135145768382
unstable,1.70511334399327,-15.289812278428,-3.39453738029108,22.6292892738118,173.947706663089,-0.429304218755206,-2.57065094039629,-6.75307293440617,1.54127288707702
unstable,1.79056618356931,-4.800481412592,5.96109883398036,76.9604506295593,34.2328256680552,-0.783287044815633,-2.25467258572735,-1.59154152978964,3.10539959792611
unstable,1.8803015465432,-1.6943978281434,4.23349420130004,47.9307999403726,9.84634994663809,-0.765628976453589,-2.23811152238338,-0.807415739725155,2.01662821762047
unstable,1.9745340542984,-0.757540663845387,3.28081156592879,34.7615061819875,4.29264559981149,-0.786750275425243,-2.29948909844179,-0.652666267933215,1.55323080083131
unstable,2.07348908410554,-0.330445017250735,2.7464515071238,27.6837133648095,2.29275055387346,-0.829380376909224,-2.38017724087906,-0.607651038218821,1.3207441116295
unstable,2.17740330816047,-0.0861857205644652,2.4160881554771,23.331257553971,1.3748057652577,-0.885220944127295,-2.46888144371692,-0.593391479784577,1.19143911077429
unstable,2.28652525963663,0.0748433263065961,2.19728800803648,20.4074233893221,0.886886021218124,-0.951006454024633,-2.56206455036326,-0.590149513428416,1.11707118782459
unstable,2.40111592710553,0.192003650311715,2.04554967905784,18.3203737745989,0.600887484147593,-1.02536331396124,-2.6581669906273,-0.59132050327724,1.07589664197346
unstable,2.52144937874688,0.283678701768581,1.93708795894108,16.7639912651289,0.421139046630004,-1.10771502844211,-2.75627485753756,-0.594199157336899,1.05679372436955
unstable,2.64781341784154,0.359501803090325,1.85809428689894,15.5646640480507,0.30211616199255,-1.19785580095634,-2.85571028368912,-0.597472939491764,1.05352610227435
unstable,2.78051027111478,0.424955495911926,1.80001357055625,14.6167937454998,0.22004361082012,-1.29576121028502,-2.9558786178459,-0.600391288148358,1.06234369750522
unstable,2.91985731157643,0.483352664160733,1.75726386844772,13.8525356587528,0.161584939344292,-1.40149334241008,-3.05620330086717,-0.602449112523063,1.08086036120894
unstable,3.06618781758652,0.536781906794731,1.72604860440099,13.2263431608858,0.118823760222113,-1.51514746643951,-3.1560958230978,-0.603253947187104,1.10748056432502
unstable,3.21985176996205,0.586596557807698,1.70369851349338,12.7065190075854,0.0868404907825632,-1.6368185455828,-3.25494182990381,-0.602466928483772,1.14108499115564
unstable,3.38121668903121,0.633684940775124,1.68828821242449,12.2703336270104,0.0624598296150614,-1.76657795776779,-3.35209579276149,-0.599776538951384,1.18084780147907
unstable,3.55066851363717,0.678628438599815,1.67840327976588,11.9010713257894,0.0435659348532833,-1.90445593836498,-3.44688095155655,-0.594888248733937,1.22612532056549
unstable,3.72861252419367,0.721798803555044,1.67299372383584,11.5861720401887,0.0287098533221038,-2.05042762711492,-3.53859299027819,-0.587522518004522,1.27638581288515
unstable,3.91547431200009,0.763421048372313,1.67127895502626,11.3160226563691,0.0168751717698614,-2.20440177350845,-3.626506657167,-0.577417492507203,1.33116426072967
unstable,4.11170079713445,0.803616084671959,1.67268441512544,11.0831477828774,0.00733310531009102,-2.36621176687358,-3.70988484972982,-0.564334408900366,1.39003325689593
unstable,4.31776129735866,0.842431026512969,1.67679812158976,10.8816540694419,-0.000449919042024174,-2.53560898422898,-3.78798978690512,-0.548064482499575,1.45258489842799
unstable,4.53414865059277,0.879861710066925,1.68333994502039,10.7068399928961,-0.00687281527865272,-2.71225861515407,-3.86009588923591,-0.52843639570664,1.5184206111149
unstable,4.76138039364257,0.91587008923011,1.69213910903683,10.5549163215666,-0.01224044814721,-2.89573818756976,-3.92550393577574,-0.505323671210589,1.5871469516466
unstable,5,0.950398068775923,1.70311702826184,10.4228022674813,-0.0167913965321606,-3.08553901140275,-3.98355599439696,-0.478651309336058,1.65837603940014
