frequency_Hz,author_sectorial
0.001,0
0.001016265089393,0
0.00103279473191895,0
0.00104959323055823,0
0.00106666495827954,0
0.00108401435917833,0
0.00110164594963366,0
0.00111956431948388,0
0.00113777413322149,0
0.00115628013120738,0
0.00117508713090481,0
0.00119420002813353,0
0.00121362379834424,0
0.00123336349791378,0
0.0012534242654614,0
0.00127381132318648,0
0.00129452997822792,0
0.0013155856240457,0
0.00133698374182495,0
0.00135872990190271,0
0.00138082976521809,0
0.00140328908478587,0
0.00142611370719413,0
0.00144930957412622,0
0.0014728827239075,0
0.00149683929307726,0
0.0015211855179861,0
0.00154592773641948,0
0.00157107238924745,0
0.00159662602210143,0
0.00162259528707809,0
0.00164898694447107,0
0.00167580786453077,0
0.00170306502925284,0
0.00173076553419573,0
0.00175891659032773,0
0.00178752552590424,0
0.00181659978837533,0
0.00184614694632455,0
0.00187617469143912,0
0.00190669084051225,0
0.00193770333747799,0
0.00196922025547917,0
0.00200124979896904,0
0.00203380030584698,0
0.00206688024962908,0
0.00210049824165392,0
0.00213466303332425,0
0.00216938351838518,0
0.00220466873523941,0
0.00224052786930002,0
0.00227697025538168,0
0.00231400538013065,0
0.00235164288449435,0
0.00238989256623105,0
0.00242876438246045,0
0.00246826845225569,0
0.00250841505927754,0
0.00254921465445142,0
0.00259067785868801,0
0.00263281546564802,0
0.00267563844455205,0
0.00271915794303602,0
0.00276338529005317,0
0.00280833199882317,0
0.00285400976982924,0
0.00290043049386399,0
0.00294760625512486,0
0.00299554933435981,0
0.0030442722120643,0
0.00309378757173014,0
0.00314410830314726,0
0.00319524750575921,0
0.00324721849207313,0
0.00330003479112529,0
0.00335371015200293,0
0.00340825854742345,0
0.00346369417737173,0
0.00352003147279668,0
0.00357728509936787,0
0.00363546996129332,0
0.0036946012051993,0
0.00375469422407334,0
0.00381576466127125,0
0.00387782841458946,0
0.00394090164040345,0
0.00400500075787361,0
0.00407014245321944,0
0.00413634368406327,0
0.00420362168384471,0
0.00427199396630678,0
0.00434147833005509,0
0.00441209286319119,0
0.00448385594802119,0
0.00455678626584106,0
0.00463090280179974,0
0.00470622484984128,0
0.00478277201772749,0
0.00486056423214213,0
0.00493962174387832,0
0.00501996513311008,0
0.00510161531474983,0
0.00518459354389291,0
0.00526892142135068,0
0.00535462089927361,0
0.00544171428686589,0
0.0055302242561929,0
0.00562017384808319,0
0.00571158647812644,0
0.00580448594276898,0
0.00589889642550849,0
0.00599484250318941,0
0.00609234915240071,0
0.00619144175597785,0
0.00629214610961034,0
0.00639448842855694,0
0.00649849535446989,0
0.00660419396233031,0
0.00671161176749629,0
0.00682077673286569,0
0.00693171727615541,0
0.00704446227729904,0
0.00715904108596489,0
0.00727548352919623,0
0.00739381991917587,0
0.00751408106111697,0
0.00763629826128224,0
0.00776050333513357,0
0.00788672861561416,0
0.00801500696156541,0
0.00814537176628075,0
0.00827785696619847,0
0.00841249704973612,0
0.00854932706626838,0
0.00868838263525118,0
0.00882969995549409,0
0.00897331581458352,0
0.0091192675984593,0
0.00926759330114688,0
0.00941833153464795,0
0.00957152153899187,0
0.00972720319245054,0
0.00988541702191957,0
0.0100462042134681,0
0.0102096066230605,0
0.0103756667874519,0
0.0105444279352617,0
0.0107159339982267,0
0.0108902296226373,0
0.0110673601809597,0
0.0112473717836475,0
0.0114303112911448,0
0.011616226326085,0
0.011805165285688,0
0.0119971773543588,0
0.0121923125164911,0
0.0123906215694792,0
0.0125921561369415,0
0.0127969686821594,0
0.0130051125217341,0
0.0132166418394661,0
0.0134316117004602,0
0.0136500780654601,0
0.0138720978054162,0
0.0140977287162897,0
0.0143270295340983,0
0.0145600599502065,0
0.014796880626864,0
0.0150375532129974,0
0.0152821403602587,0
0.0155307057393346,0
0.0157833140565212,0
0.0160400310705682,0
0.0163009236097974,0
0.0165660595894991,0
0.016835508029612,0
0.0171093390726901,0
0.0173876240021625,0
0.0176704352608895,0
0.017957846470021,0
0.0182499324481615,0
0.018546769230847,0
0.018848434090338,0
0.0191550055557353,0
0.0194665634334226,0
0.0197831888278416,0
0.020104964162605,0
0.0204319732019527,0
0.0207643010725577,0
0.021102034285686,0
0.0214452607597167,0
0.0217940698430295,0
0.0221485523372636,0
0.0225088005209546,0
0.022874908173557,0
0.0232469705998565,0
0.0236250846547795,0
0.0240093487686065,0
0.0243998629725955,0
0.0247967289250216,0
0.0252000499376409,0
0.0256099310025846,0
0.0260264788196901,0
0.0264498018242772,0
0.0268800102153761,0
0.0273172159844138,0
0.027761532944368,0
0.0282130767593947,0
0.0286719649749377,0
0.0291383170483279,0
0.0296122543798803,0
0.0300939003444972,0
0.0305833803237843,0
0.0310808217386906,0
0.0315863540826782,0
0.0321001089554317,0
0.0326222200971167,0
0.0331528234231942,0
0.0336920570598027,0
0.0342400613797142,0
0.0347969790388769,0
0.0353629550135504,0
0.0359381366380463,0
0.0365226736430818,0
0.0371167181947576,0
0.03772042493417,0
0.038333951017666,0
0.038957456157755,0
0.0395911026646846,0
0.0402350554886929,0
0.0408894822629486,0
0.0415545533471888,0
0.0422304418720667,0
0.0429173237842216,0
0.04361537789208,0
0.044324785912404,0
0.0450457325175946,0
0.0457784053837662,0
0.0465229952396019,0
0.0472796959160039,0
0.0480487043965513,0
0.0488302208687788,0
0.0496244487762892,0
0.0504315948717136,0
0.0512518692705333,0
0.0520854855057766,0
0.0529326605836056,0
0.053793615039807,0
0.0546685729972018,0
0.0555577622239888,0
0.0564614141930367,0
0.0573797641421413,0
0.0583130511352622,0
0.0592615181247555,0
0.0602254120146193,0
0.061204983724767,0
0.0622004882563471,0
0.0632121847581245,0
0.0642403365939419,0
0.0652852114112785,0
0.0663470812109235,0
0.0674262224177834,0
0.0685229159528406,0
0.0696374473062823,0
0.0707701066118189,0
0.0719211887222119,0
0.0730909932860291,0
0.0742798248256491,0
0.0754879928165344,0
0.076715811767793,0
0.0779636013040523,0
0.0792316862486625,0
0.0805203967082547,0
0.0818300681586739,0
0.0831610415323096,0
0.0845136633068472,0
0.0858882855954625,0
0.0872852662384838,0
0.0887049688965441,0
0.0901477631452492,0
0.0916140245713852,0
0.0931041348706907,0
0.09461848194722,0
0.096157460014321,0
0.0977214696972572,0
0.099310918137498,0
0.100926219098705,0
0.102567793074442,0
0.10423606739764,0
0.105931476351837,0
0.107654461284232,0
0.109405470720574,0
0.111184960481927,0
0.112993393803322,0
0.114831241454351,0
0.116698981861715,0
0.118597101233767,0
0.120526093687084,0
0.122486461375093,0
0.124478714618791,0
0.12650337203959,0
0.12856096069433,0
0.130652016212472,0
0.132777082935543,0
0.134936714058831,0
0.137131471775395,0
0.139361927422414,0
0.14162866162992,0
0.143932264471941,0
0.146273335620113,0
0.148652484499786,0
0.151070330448665,0
0.153527502878042,0
0.156024641436637,0
0.158562396177114,0
0.161141427725302,0
0.163762407452169,0
0.16642601764859,0
0.169132951702965,0
0.171883914281715,0
0.174679621512725,0
0.177520801171763,0
0.180408192871938,0
0.183342548256229,0
0.186324631193156,0
0.18935521797563,0
0.192435097523033,0
0.195565071586595,0
0.198745954958098,0
0.201978575681988,0
0.205263775270925,0
0.20860240892485,0
0.211995345753607,0
0.215443469003188,0
0.218947676285662,0
0.222508879812837,0
0.226128006633728,0
0.229805998875885,0
0.233543813990648,0
0.237342425002387,0
0.241202820761801,0
0.245126006203334,0
0.249113002606779,0
0.253164847863136,0
0.257282596744793,0
0.261467321180109,0
0.265720110532451,0
0.270042071883777,0
0.274434330322837,0
0.278898029238044,0
0.283434330615131,0
0.28804441533963,0
0.292729483504282,0
0.297490754721444,0
0.302329468440578,0
0.3072468842709,0
0.312244282309286,0
0.317322963473498,0
0.322484249840844,0
0.327729484992338,0
0.333060034362459,0
0.338477285594598,0
0.343982648902292,0
0.349577557436328,0
0.355263467657814,0
0.361041859717334,0
0.366914237840249,0
0.372882130718283,0
0.378947091907467,0
0.385110700232557,0
0.391374560198038,0
0.397740302405804,0
0.404209583979631,0
0.410784088996565,0
0.417465528925313,0
0.424255643071778,0
0.431156199031823,0
0.438168993151419,0
0.445295850994266,0
0.452538627817017,0
0.459899209052244,0
0.467379510799246,0
0.47498148032285,0
0.482707096560318,0
0.490558370636505,0
0.498537346387389,0
0.506646100892127,0
0.514886745013749,0
0.523261423948666,0
0.531772317785097,0
0.540421642070592,0
0.549211648388779,0
0.558144624945496,0
0.567222897164454,0
0.576448828292588,0
0.585824820015254,0
0.595353313081437,0
0.605036787939122,0
0.614877765381002,0
0.624878807200689,0
0.635042516859596,0
0.64537154016467,0
0.655868565957143,0
0.666536326812491,0
0.677377599751775,0
0.68839520696455,0
0.699592016543537,0
0.710970943231243,0
0.722534949178721,0
0.734287044716676,0
0.746230289139111,0
0.758367791499719,0
0.77070271142123,0
0.78323825991792,0
0.795977700231499,0
0.808924348680594,0
0.822081575524054,0
0.835452805838287,0
0.849041520408875,0
0.86285125663669,0
0.876885609458743,0
0.89114823228402,0
0.905642837944529,0
0.920373199661822,0
0.935343152029239,0
0.950556592010119,0
0.966017479952265,0
0.981729840618884,0
0.99769776423632,0
1.01392540755882,0
1.03041699495059,0
1.04717681948552,0
1.06420924406472,0
1.08151870255229,0
1.0991097009295,0
1.11698681846782,0
1.135154708921,0
1.15361810173648,0
1.1723818032866,0
1.19145069811978,0
1.21082975023204,0
1.23052400435926,0
1.25053858729039,0
1.27087870920206,0
1.29154966501488,0
1.31255683577184,0
1.33390569003906,0
1.35560178532937,0
1.37765076954905,0
1.4000583824681,0
1.42283045721435,0
1.44597292179202,0
1.46949180062482,0
1.49339321612425,0
1.51768339028341,0
1.54236864629663,0
1.5674554102056,0
1.59295021257212,0
1.6188596901782,0
1.64519058775366,0
1.67194975973199,0
1.69914417203463,0
1.72678090388436,0
1.75486714964815,0
1.78341022071001,0
1.81241754737424,0
1.84189668079971,0
1.87185529496558,0
1.90230118866894,0
1.93324228755505,0
1.96468664618045,0
1.99664245010979,0
2.02911801804668,0
2.06212180399914,0
2.09566239948043,0
2.12974853574552,0
2.16438908606402,0
2.19959306803007,0
2.23536964590979,0
2.27172813302691,0
2.30867799418717,0
2.34622884814226,0
2.38439047009372,0
2.4231727942376,0
2.46258591635055,0
2.50264009641792,0
2.54334576130465,0
2.58471350746956,0
2.62675410372384,0
2.66947849403432,0
2.71289780037247,0
2.75702332560958,0
2.8018665564592,0
2.84743916646725,0
2.89375301905095,0
2.94082017058706,0
2.98865287355038,0
3.03726357970331,0
3.08666494333727,0
3.13686982456688,0
3.18789129267765,0
3.2397426295282,0
3.29243733300777,0
3.34598912054997,0
3.40041193270371,0
3.45571993676214,0
3.51192753045073,0
3.56904934567523,0
3.62710025233065,0
3.68609536217216,0
3.74605003274899,0
3.80697987140228,0
3.86890073932798,0
3.93182875570577,0
3.99578030189527,0
4.06077202570037,0
4.12682084570295,0
4.19394395566719,0
4.26215882901533,0
4.3314832233764,0
4.40193518520887,0
4.47353305449847,0
4.5462954695324,0
4.62024137175131,0
4.69539001068006,0
4.77176094893875,0
4.84937406733524,0
4.92824957004051,0
5.00840798984821,0
5.08987019351968,0
5.17265738721602,0
5.25679112201842,0
5.34229329953835,0
5.42918617761894,0
5.51749237612912,0
5.60723488285203,0
5.69843705946914,0
5.79112264764176,0
5.88531577519145,0
5.98104096238094,0
6.07832312829723,0
6.1771875973385,0
6.2776601058065,0
6.37976680860628,0
6.48353428605472,0
6.58898955079995,0
6.69616005485322,0
6.80507369673521,0
6.91575882873853,0
7.02824426430835,0
7.14255928554313,0
7.25873365081725,0
7.37679760252773,0
7.49678187496688,0
7.618717702323,0
7.74263682681127,0
7.86857150693685,0
7.99655452589235,0
8.12661920009194,0
8.25879938784427,0
8.39312949816637,0
8.52964449974102,0
8.66837993001977,0
8.80937190447399,0
8.9526571259964,0
9.09827289445556,0
9.24625711640574,0
9.39664831495469,0
9.54948563979197,0
9.70480887738031,0
9.86265846131282,1
10.0230754828386,1
10.1861017015598,1
10.3517795563018,1
10.5201521761616,1
10.6912633917348,1
10.8651577465254,1
11.0418805085416,1
11.2214776820798,1
11.4039960197003,1
11.5894830343981,1
11.7779870119712,1
11.9695570235904,1
12.1642429385737,1
12.3620954373677,1
12.5631660247412,1
12.7675070431926,1
12.9751716865759,1
13.1862140139475,1
13.4006889636395,1
13.6186523675608,1
13.8401609657313,1
14.0652724210524,1
14.2940453343176,1
14.5265392594678,1
14.7628147190939,1
15.0029332201922,1
15.2469572701757,1
15.4949503931463,1
15.7469771464309,1
16.003103137387,1
16.2633950404819,1
16.5279206146489,1
16.7967487209265,1
17.0699493403841,1
17.3475935923393,1
17.629753752872,1
17.916503273639,1
18.2079168009946,1
18.504070195423,1
18.8050405512858,1
19.1109062168914,1
19.4217468148902,1
19.7376432630026,1
20.0586777950823,1
20.3849339825246,1
20.7164967560207,1
21.053452427667,1
21.3958887134342,1
21.7438947560008,1
22.097561147959,1
22.4569799553978,1
22.822244741869,1
23.1934505927443,1
23.5706941399673,1
23.9540735872088,1
24.3436887354311,1
24.7396410088681,1
25.142033481428,1
25.5509709035251,1
25.9665597293487,1
26.3889081445751,1
26.8181260945301,1
27.2543253128103,1
27.6976193503689,1
28.1481236050758,1
28.6059553517574,1
29.0712337727258,1
29.5440799888038,1
30.0246170908555,1
30.5129701718287,1
31.0092663593193,1
31.5136348486648,1
32.0262069365765,1
32.5471160553185,1
33.0764978074424,1
33.6144900010877,1
34.1612326858553,1
34.7168681892656,1
35.2815411538088,1
35.8553985745982,1
36.4385898376355,1
37.0312667586992,1
37.6335836228653,1
38.24569722467,1
38.8677669089267,1
39.4999546122065,1
40.1424249049932,1
40.7953450345245,1
41.4588849683291,1
42.1332174384729,1
42.8185179865242,1
43.5149650092505,1
44.222739805059,1
44.9420266211914,1
45.6730127016875,1
46.4158883361278,1
47.1708469091701,1
47.9380849508911,1
48.7178021879463,1
49.5102015955635,1
50.3154894503806,1
51.1338753841432,1
51.9655724382766,1
52.8107971193433,1
53.6697694554048,1
54.5427130532984,1
55.4298551568466,1
56.3314267060135,1
57.2476623970218,1
58.1788007434494,1
59.1250841383188,1
60.0867589171969,1
61.0640754223204,1
62.057288067765,1
63.0666554056741,1
64.0924401935646,1
65.1349094627281,1
66.1943345877439,1
67.2709913571234,1
68.3651600451024,1
69.4771254846024,1
70.6071771413778,1
71.7556091893692,1
72.9227205872831,1
74.1088151564157,1
75.3142016597438,1
76.5391938823016,1
77.7841107128648,1
79.0492762269642,1
80.3350197712473,1
81.6416760492147,1
82.9695852083491,1
84.3190929286625,1
85.6905505126835,1
87.0843149769072,1
88.5007491447344,1
89.9402217409205,1
91.4031074875622,1
92.889787201645,1
94.400647894176,1
95.9360828709315,1
97.496491834841,1
99.0822809900379,1
100.693863147603,1
102.331657833024,1
103.996091395412,1
105.687597118481,1
107.406615333343,1
109.153593533139,1
110.928986489522,1
112.733256371049,1
114.566872863487,1
116.430313292088,1
118.324062745838,1
120.248614203741,1
122.204468663149,1
124.192135270178,1
126.212131452255,1
128.264983052806,1
130.351224468151,1
132.471398786612,1
134.626057929891,1
136.815762796747,1
139.041083409007,1
141.302599059953,1
143.600898465126,1
145.936579915576,1
148.31025143361,1
150.722530931076,1
153.174046370208,1
155.665435927106,1
158.19734815786,1
160.770442167382,1
163.385387780986,1
166.042865718753,1
168.743567772738,1
171.488196987054,1
174.277467840892,1
177.112106434509,1
179.992850678248,1
182.920450484629,1
185.895667963569,1
188.919277620767,1
191.992066559328,1
195.114834684662,1
198.288394912707,1
201.513573381556,1
204.791209666509,1
208.122156998634,1
211.507282486879,1
214.947467343798,1
218.443607114943,1
221.996611911996,1
225.607406649686,1
229.276931286565,1
233.006141069692,1
236.796006783308,1
240.647515001543,1
244.561668345244,1
248.53948574298,1
252.582002696278,1
256.690271549195,1
260.865361762255,1
265.108360190854,1
269.420371368188,1
273.802517792786,1
278.255940220713,1
282.781797962534,1
287.381269185106,1
292.055551218275,1
296.80586086656,1
301.63343472592,1
306.539529505653,1
311.525422355548,1
316.592411198352,1
321.741815067637,1
326.974974451177,1
332.293251639898,1
337.698031082509,1
343.190719745904,1
348.772747481418,1
354.445567397044,1
360.210656235707,1
366.06951475969,1
372.023668141307,1
378.074666359935,1
384.224084605506,1
390.473523688556,1
396.824610456948,1
403.278998219371,1
409.838367175726,1
416.504424854519,1
423.278906557355,1
430.163575810679,1
437.16022482485,1
444.270674960688,1
451.49677720361,1
458.840412645476,1
466.303492974273,1
473.887960971765,1
481.595791019235,1
489.428989611453,1
497.389595879007,1
505.479682119124,1
513.701354335134,1
522.056752784698,1
530.548052536957,1
539.17746403875,1
547.947233690028,1
556.859644428641,1
565.917016324624,1
575.121707184161,1
584.476113163364,1
593.982669392036,1
603.643850607586,1
613.462171799251,1
623.440188862786,1
633.580499265825,1
643.885742724043,1
654.358601888323,1
665.001803043112,1
675.818116816111,1
686.810358899531,1
697.981390783067,1
709.334120498799,1
720.871503378214,1
732.596542821523,1
744.512291079514,1
756.621850048106,1
768.928372075831,1
781.435060784454,1
794.145171902934,1
807.062014114951,1
820.188949920221,1
833.529396509819,1
847.08682665574,1
860.864769614924,1
874.866812047991,1
889.096598952917,1
903.557834613892,1
918.254283565628,1
933.189771573324,1
948.368186628593,1
963.79347996158,1
979.469667069539,1
995.400828762152,1
1011.59111222383,1
1028.04473209331,1
1044.76597156081,1
1061.759183483,1
1079.02879151618,1
1096.57929126781,1
1114.41525146679,1
1132.54131515281,1
1150.96220088503,1
1169.68270397038,1
1188.7076977119,1
1208.04213467733,1
1227.69104798836,1
1247.65955263087,1
1267.95284678643,1
1288.57621318552,1
1309.53502048267,1
1330.83472465408,1
1352.48087041787,1
1374.47909267754,1
1396.83511798874,1
1419.5547660501,1
1442.64395121816,1
1466.10868404698,1
1489.95507285285,1
1514.18932530435,1
1538.81775003835,1
1563.84675830225,1
1589.28286562298,1
1615.13269350309,1
1641.40297114447,1
1668.10053720006,1
1695.23234155412,1
1722.80544713139,1
1750.82703173572,1
1779.30438991858,1
1808.24493487795,1
1837.65620038817,1
1867.54584276108,1
1897.9216428391,1
1928.79150802078,1
1960.16347431919,1
1992.04570845387,1
2024.44650997681,1
2057.37431343291,1
2090.83769055575,1
2124.84535249888,1
2159.40615210357,1
2194.52908620332,1
2230.22329796594,1
2266.49807927369,1
2303.36287314213,1
2340.82727617829,1
2378.9010410789,1
2417.59407916913,1
2456.91646298279,1
2496.87842888433,1
2537.49037973357,1
2578.7628875938,1
2620.70669648385,1
2663.33272517498,1
2706.65207003324,1
2750.67600790807,1
2795.41599906786,1
2840.8836901833,1
2887.09091735923,1
2934.04970921579,1
2981.77229001967,1
3030.2710828664,1
3079.55871291422,1
3129.64801067075,1
3180.55201533292,1
3232.28397818138,1
3284.85736603005,1
3338.28586473176,1
3392.58338274099,1
3447.76405473446,1
3503.84224529068,1
3560.83255262928,1
3618.74981241128,1
3677.60910160103,1
3737.42574239106,1
3798.21530619074,1
3859.99361767977,1
3922.77675892772,1
3986.58107358044,1
4051.42317111465,1
4117.31993116168,1
4184.28850790159,1
4252.34633452868,1
4321.51112778976,1
4391.80089259609,1
4463.2339267104,1
4535.82882551019,1
4609.60448682843,1
4684.58011587305,1
4760.77523022637,1
4838.20966492596,1
4916.90357762803,1
4996.87745385488,1
5078.15211232767,1
5160.74871038591,1
5244.68874949512,1
5329.99408084409,1
5416.68691103315,1
5504.78980785497,1
5594.32570616938,1
5685.31791387375,1
5777.79011797051,1
5871.76639073326,1
5967.27119597331,1
6064.32939540806,1
6162.96625513294,1
6263.20745219869,1
6365.07908129558,1
6468.60766154632,1
6573.82014340959,1
6680.74391569562,1
6789.40681269611,1
6899.83712143003,1
7012.06358900718,1
7126.11543011175,1
7242.02233460732,1
7359.81447526577,1
7479.52251562183,1
7601.17761795532,1
7724.8114514034,1
7850.45620020451,1
7978.14457207663,1
8107.90980673169,1
8239.78568452851,1
8373.80653526649,1
8510.00724712225,1
8648.42327573173,1
8789.09065341996,1
8932.04599858096,1
9077.32652521022,1
9224.97005259217,1
9375.01501514529,1
9527.5004724273,1
9682.46611930311,1
9839.95229627823,1
10000,1
