frequency_Hz,normalized_margin,normalized_lower_bound,normalized_upper_bound,classification
0.6,-0.25026548729497,-0.25026548729497,-0.248086463599708,non-sectorial
0.605,-0.251012941084837,-0.251012941084837,-0.248832383968906,non-sectorial
0.61,-0.251786605367967,-0.251786605367967,-0.24960504033074,non-sectorial
0.615,-0.252585863454652,-0.252585863454652,-0.250407204357049,non-sectorial
0.62,-0.253410053555659,-0.253410053555659,-0.251228874126746,non-sectorial
0.625,-0.254258474619795,-0.254258474619795,-0.252077553615123,non-sectorial
0.63,-0.255130391901761,-0.255130391901761,-0.252950710500607,non-sectorial
0.635,-0.256025042246225,-0.256025042246225,-0.253843453520939,non-sectorial
0.64,-0.256941639077865,-0.256941639077865,-0.254763391834777,non-sectorial
0.645,-0.257879377090776,-0.257879377090776,-0.255697719501564,non-sectorial
0.65,-0.258837436633879,-0.258837436633879,-0.256658916713077,non-sectorial
0.655,-0.25981498779196,-0.25981498779196,-0.257633347282337,non-sectorial
0.66,-0.26081119416459,-0.26081119416459,-0.258632723071694,non-sectorial
0.665,-0.261825216347538,-0.261825216347538,-0.259643555215724,non-sectorial
0.67,-0.262856215123252,-0.262856215123252,-0.260677501295413,non-sectorial
0.675,-0.26390335436874,-0.26390335436874,-0.261721817283412,non-sectorial
0.68,-0.264965803690588,-0.264965803690588,-0.262785696314765,non-sectorial
0.685,-0.266042740797984,-0.266042740797984,-0.263861887688734,non-sectorial
0.69,-0.267133353625571,-0.267133353625571,-0.264952040660965,non-sectorial
0.695,-0.268236842218576,-0.268236842218576,-0.266057818006684,non-sectorial
0.7,-0.269352420393167,-0.269352420393167,-0.26717081560457,non-sectorial
0.705,-0.270479317185238,-0.270479317185238,-0.268298846206788,non-sectorial
0.71,-0.271616778100968,-0.271616778100968,-0.269436608744783,non-sectorial
0.715,-0.272764066182455,-0.272764066182455,-0.270582405265265,non-sectorial
0.72,-0.273920462901564,-0.273920462901564,-0.271740235440786,non-sectorial
0.725,-0.275085268894912,-0.275085268894912,-0.272905043421036,non-sectorial
0.73,-0.276257804552503,-0.276257804552503,-0.274076153082851,non-sectorial
0.735,-0.277437410472178,-0.277437410472178,-0.275256657030578,non-sectorial
0.74,-0.278623447791528,-0.278623447791528,-0.276444073469738,non-sectorial
0.745,-0.279815298408411,-0.279815298408411,-0.277633923820041,non-sectorial
0.75,-0.281012365100679,-0.281012365100679,-0.278830861511999,non-sectorial
0.755,-0.282214071555139,-0.282214071555139,-0.280034063539121,non-sectorial
0.76,-0.283419862315199,-0.283419862315199,-0.281239785920967,non-sectorial
0.765,-0.284629202656059,-0.284629202656059,-0.282447729610305,non-sectorial
0.77,-0.285841578395739,-0.285841578395739,-0.28366004103177,non-sectorial
0.775,-0.287056495649636,-0.287056495649636,-0.284876041884045,non-sectorial
0.78,-0.288273480535786,-0.288273480535786,-0.286094087680273,non-sectorial
0.785,-0.289492078837403,-0.289492078837403,-0.287311079496113,non-sectorial
0.79,-0.290711855628807,-0.290711855628807,-0.288530218873925,non-sectorial
0.795,-0.291932394870305,-0.291932394870305,-0.289750951907037,non-sectorial
0.8,-0.293153298977129,-0.293153298977129,-0.290972755449923,non-sectorial
0.805,-0.294374188367076,-0.294374188367076,-0.292195101650645,non-sectorial
0.81,-0.295594700991081,-0.295594700991081,-0.293414161084077,non-sectorial
0.815,-0.296814491850528,-0.296814491850528,-0.294633126196798,non-sectorial
0.82,-0.298033232504736,-0.298033232504736,-0.295851574701545,non-sectorial
0.825,-0.299250610571728,-0.299250610571728,-0.297069109148625,non-sectorial
0.83,-0.300466329225021,-0.300466329225021,-0.298285355785748,non-sectorial
0.835,-0.3016801066889,-0.3016801066889,-0.299499963456725,non-sectorial
0.84,-0.302891675734364,-0.302891675734364,-0.30071220743114,non-sectorial
0.845,-0.304100783177646,-0.304100783177646,-0.301920356679334,non-sectorial
0.85,-0.305307189383003,-0.305307189383003,-0.303126115177725,non-sectorial
0.855,-0.306510667771223,-0.306510667771223,-0.304329204674989,non-sectorial
0.86,-0.307711004335129,-0.307711004335129,-0.305529364854763,non-sectorial
0.865,-0.308907997163161,-0.308907997163161,-0.306726352456424,non-sectorial
0.87,-0.310101455971949,-0.310101455971949,-0.307919940431997,non-sectorial
0.875,-0.311291201648661,-0.311291201648661,-0.309109917138404,non-sectorial
0.88,-0.312477065803741,-0.312477065803741,-0.310296085564171,non-sectorial
0.885,-0.313658890334594,-0.313658890334594,-0.311478262589665,non-sectorial
0.89,-0.314836527000573,-0.314836527000573,-0.312656278279895,non-sectorial
0.895,-0.316009837009629,-0.316009837009629,-0.31382997520887,non-sectorial
0.9,-0.317178690616811,-0.317178690616811,-0.314998990183455,non-sectorial
0.905,-0.31834296673479,-0.31834296673479,-0.316162909415702,non-sectorial
0.91,-0.319502552556464,-0.319502552556464,-0.317322214120744,non-sectorial
0.915,-0.32065734318969,-0.32065734318969,-0.318476786182787,non-sectorial
0.92,-0.321807241304074,-0.321807241304074,-0.319626517232334,non-sectorial
0.925,-0.322952156789781,-0.322952156789781,-0.320771308132061,non-sectorial
0.93,-0.324092006428216,-0.324092006428216,-0.321911068487241,non-sectorial
0.935,-0.325226713574429,-0.325226713574429,-0.323045716179742,non-sectorial
0.94,-0.326356207851078,-0.326356207851078,-0.324175176924635,non-sectorial
0.945,-0.32748042485372,-0.32748042485372,-0.325299383848484,non-sectorial
0.95,-0.328599305867213,-0.328599305867213,-0.326418277088404,non-sectorial
0.955,-0.329712797592991,-0.329712797592991,-0.327531803410995,non-sectorial
0.96,-0.330820851886936,-0.330820851886936,-0.328639915850305,non-sectorial
0.965,-0.331923425507589,-0.331923425507589,-0.329742573363969,non-sectorial
0.97,-0.333020479874422,-0.333020479874422,-0.330839740506743,non-sectorial
0.975,-0.334111980835872,-0.334111980835872,-0.331931387120634,non-sectorial
0.98,-0.33519789844687,-0.33519789844687,-0.333017488040899,non-sectorial
0.985,-0.33627820675555,-0.33627820675555,-0.334098022817171,non-sectorial
0.99,-0.337352883598864,-0.337352883598864,-0.335172801688482,non-sectorial
0.995,-0.338421910406797,-0.338421910406797,-0.336241506387624,non-sectorial
1,-0.339485272014906,-0.339485272014906,-0.337304561102127,non-sectorial
1.005,-0.340542956484879,-0.340542956484879,-0.338361963919395,non-sectorial
1.01,-0.341594954932842,-0.341594954932842,-0.339413716361141,non-sectorial
1.015,-0.342641261365131,-0.342641261365131,-0.340459823185229,non-sectorial
1.02,-0.343681872521247,-0.343681872521247,-0.341500292198257,non-sectorial
1.025,-0.344716787723741,-0.344716787723741,-0.342535134078354,non-sectorial
1.03,-0.345746008734741,-0.345746008734741,-0.343564362207731,non-sectorial
1.035,-0.346769539618887,-0.346769539618887,-0.344587992514501,non-sectorial
1.04,-0.34778738661241,-0.34778738661241,-0.345606043323369,non-sectorial
1.045,-0.348799557998113,-0.348799557998113,-0.346618535214734,non-sectorial
1.05,-0.349806063986016,-0.349806063986016,-0.347625490891857,non-sectorial
1.055,-0.350806916599439,-0.350806916599439,-0.34862643986006,non-sectorial
1.06,-0.351802129566289,-0.351802129566289,-0.349621128192143,non-sectorial
1.065,-0.352791718215353,-0.352791718215353,-0.350610335654409,non-sectorial
1.07,-0.353775699377363,-0.353775699377363,-0.351594093499093,non-sectorial
1.075,-0.354754091290651,-0.354754091290651,-0.352572434491887,non-sectorial
1.08,-0.35572691351119,-0.35572691351119,-0.353545392822216,non-sectorial
1.085,-0.356694186826831,-0.356694186826831,-0.354513004019241,non-sectorial
1.09,-0.357655933175555,-0.357655933175555,-0.355475304873343,non-sectorial
1.095,-0.358612175567567,-0.358612175567567,-0.35643136248303,non-sectorial
1.1,-0.359562938011062,-0.359562938011062,-0.357381598267974,non-sectorial
1.105,-0.360508245441491,-0.360508245441491,-0.358326626518146,non-sectorial
1.11,-0.361448123654192,-0.361448123654192,-0.359266489227459,non-sectorial
1.115,-0.362382599240206,-0.362382599240206,-0.360201229294029,non-sectorial
1.12,-0.363311699525156,-0.363311699525156,-0.361130890471602,non-sectorial
1.125,-0.364235452511044,-0.364235452511044,-0.362054552515501,non-sectorial
1.13,-0.365153886820823,-0.365153886820823,-0.362972438230749,non-sectorial
1.135,-0.366067031645624,-0.366067031645624,-0.363885372325052,non-sectorial
1.14,-0.366974916694513,-0.366974916694513,-0.364793402177351,non-sectorial
1.145,-0.367877572146656,-0.367877572146656,-0.365696575806915,non-sectorial
1.15,-0.36877502860578,-0.36877502860578,-0.366594113119054,non-sectorial
1.155,-0.369667317056821,-0.369667317056821,-0.367485819053894,non-sectorial
1.16,-0.370554468824651,-0.370554468824651,-0.368372811608652,non-sectorial
1.165,-0.371436515534783,-0.371436515534783,-0.369255141595087,non-sectorial
1.17,-0.372313489075959,-0.372313489075959,-0.370132860348519,non-sectorial
1.175,-0.373185421564529,-0.373185421564529,-0.37100406138653,non-sectorial
1.18,-0.374052345310521,-0.374052345310521,-0.371870685915426,non-sectorial
1.185,-0.374914292785333,-0.374914292785333,-0.372732854493954,non-sectorial
1.19,-0.375771296590943,-0.375771296590943,-0.37359062081441,non-sectorial
1.195,-0.376623389430578,-0.376623389430578,-0.374441957831244,non-sectorial
1.2,-0.377470604080749,-0.377470604080749,-0.375288947589947,non-sectorial
