variant,state_count,factor_name,factor,tracking_status,real_per_s,imag_per_s,oscillation_frequency_hz,real_shift_from_baseline_per_s,frequency_shift_from_baseline_hz,lcl_group_total,control_state_group_total,voltage_pi_participation,current_pi_participation,active_damping_filter_participation,converter_current_participation,capacitor_voltage_participation,grid_side_filter_current_participation,condition_number,maximum_eigenpair_residual,minimum_right_mac,minimum_left_mac,maximum_normalized_eigenvalue_distance,path_steps_including_rejected_direct_attempts
10_state_omit_rfif,10,baseline,1.0,matched,117.1371464864823,652.5798335638734,103.8613062737768,0.0,0.0,0.8489931108360738,0.15100688916392616,0.14823880244891524,0.002768086715010912,0.0,0.16285482597266665,0.03229900422499322,0.6538392806384139,3.1942018151349503,8.924586422088136e-16,1.0,1.0,0.0,0
10_state_omit_rfif,10,voltage_pi_joint_gain,0.8,matched,133.06472969673928,625.8374690131812,99.60512676556867,15.927583210256984,-4.256179508208132,0.8281877481755664,0.1718122518244336,0.16856680554547374,0.003245446278959869,0.0,0.1842313965879257,0.034694870039207945,0.6092614815484327,3.655984167654881,3.412933830182276e-16,0.9998571094832742,0.9958998503251876,0.04694688090942526,1
10_state_omit_rfif,10,voltage_pi_joint_gain,1.2,matched,103.46040369204002,671.2704082783258,106.8360036288103,-13.676742794442276,2.974697355033489,0.8652727956590655,0.13472720434093458,0.1323068321974603,0.002420372143474251,0.0,0.14589236591997504,0.02997839434201851,0.6894020353970719,2.859998412301801,3.0719260827822784e-16,0.9999207922495003,0.9962372331700414,0.03493179984609572,1
10_state_omit_rfif,10,current_pi_joint_gain,0.8,matched,128.34836251129877,626.6907984225463,99.74093835915481,11.21121602481648,-4.120367914621993,0.8310278328823779,0.1689721671176222,0.16571469138812428,0.003257475729497922,0.0,0.18488314736832465,0.02790026714196698,0.6182444183720863,3.2642138676824013,5.347162644974715e-16,0.9997015162067111,0.9883341661162561,0.04255187145350758,1
10_state_omit_rfif,10,current_pi_joint_gain,1.2,matched,107.90298119530725,671.642826316204,106.8952758004352,-9.234165291175046,3.0339695266583924,0.8628113375520098,0.13718866244799005,0.1347763792988611,0.002412283149128941,0.0,0.14562776877953026,0.035994418455736414,0.6811891503167431,3.1772045730421503,3.7399574103281293e-16,0.9998433473378573,0.9930881667909633,0.03194791927372486,1
10_state_omit_rfif,10,converter_side_filter_reactance,0.8,matched,105.404676182495,675.3097143985771,107.47887916450962,-11.732470303987299,3.6175728907328195,0.8658041998106641,0.1341958001893359,0.1318546546256791,0.002341145563656797,0.0,0.14187840550448783,0.03678219394842189,0.6871436003577545,3.3901998763131034,2.031883957029229e-16,0.9997726536036671,0.9997496590335518,0.038580529319678,1
10_state_omit_rfif,10,converter_side_filter_reactance,1.2,matched,126.70991614903603,631.9054085920504,100.57086934392866,9.572769662553739,-3.2904369298481475,0.8344328113578614,0.1655671886421385,0.16240753794678164,0.0031596506953568597,0.0,0.1808190746965373,0.028725217835914946,0.6248885188254092,3.0311970730735593,4.2629767783171647e-16,0.9998069507244809,0.9997805436949991,0.03436316353838698,1
10_state_omit_rfif,10,filter_capacitor_susceptance,0.8,matched,112.42283581852018,652.379665033269,103.82944846267968,-4.71431066796211,-0.03185781109713175,0.8515528842401443,0.14844711575985567,0.14566830552815355,0.0027788102317021146,0.0,0.16324027395075735,0.025659502155724996,0.662653108133662,3.181652838839725,5.660145778057494e-16,0.9999906360719271,0.9995707501674179,0.007116879260793355,1
10_state_omit_rfif,10,filter_capacitor_susceptance,1.2,matched,121.92029397500038,652.5331064935598,103.85386942956019,4.7831474885180825,-0.007436844216617799,0.8463011506713409,0.1536988493286589,0.15094321221237483,0.0027556371162840753,0.0,0.16231720721496362,0.038972223004045445,0.6450117204523319,3.204005393889644,6.454977683141711e-16,0.9999903666317242,0.9995696316122432,0.0072146416886798275,1
10_state_omit_rfif,10,grid_side_filter_reactance,0.8,matched,149.52096300686094,690.9215302195801,109.96357682306251,32.383816520378645,6.102270549285705,0.8266470587877446,0.17335294121225528,0.1702796027505541,0.0030733384617011874,0.0,0.19277154777286387,0.03589512728790522,0.5979803837269755,3.4673841743836156,3.9789485772416035e-16,0.9998905893849513,0.9967640373350366,0.07569668821714849,1
10_state_omit_rfif,10,grid_side_filter_reactance,1.2,matched,94.07154936293384,621.652681789683,98.93909719316112,-23.065597123548457,-4.922209080615684,0.8670040677783281,0.1329959322216719,0.13048141399736068,0.0025145182243112097,0.0,0.14029796087462132,0.029001978551907018,0.6977041283517997,2.9634169047001238,4.631020309173956e-16,0.9999361291580595,0.9970742882276868,0.05819105369977952,1
10_state_include_rfif,10,baseline,1.0,matched,119.21536174509264,654.0902744153199,104.10170040153244,0.0,0.0,0.8490658153494404,0.15093418465055966,0.14818334528292026,0.00275083936763939,0.0,0.1629459428528167,0.03249599092982232,0.6536238815668014,3.1897497787920766,4.0206437939432987e-16,1.0,1.0,0.0,0
10_state_include_rfif,10,voltage_pi_joint_gain,0.8,matched,135.503011954606,627.4069144213904,99.85491176019804,16.28765020951336,-4.246788641334399,0.8284252094434543,0.1715747905565456,0.16835313399834595,0.0032216565581996443,0.0,0.1843590639194868,0.03496660172228597,0.6090995438016815,3.6491684128905417,4.553870713762739e-16,0.9998557738055237,0.9958985087438945,0.04701945997682359,1
10_state_include_rfif,10,voltage_pi_joint_gain,1.2,matched,105.25553735601858,672.7069838533461,107.06464173269985,-13.959824389074058,2.9629413311674093,0.8652484769753384,0.1347515230246616,0.13234424779682175,0.0024072752278398416,0.0,0.14596135374293506,0.03012512956121946,0.6891619936711838,2.857010411873805,6.683016502885729e-16,0.999919991193662,0.99623738855228,0.03499844033778736,1
10_state_include_rfif,10,current_pi_joint_gain,0.8,matched,130.73559587686916,628.3399500645622,100.00340899488977,11.520234131776519,-4.098291406642678,0.8313277479533924,0.16867225204660763,0.16543745601369025,0.003234796032917385,0.0,0.18506526899694714,0.028118357374945398,0.6181441215814998,3.2591572289873287,6.163231552184603e-16,0.9997039395272351,0.9883400520418851,0.042429379327456385,1
10_state_include_rfif,10,current_pi_joint_gain,1.2,matched,109.74556983404463,673.0326675109854,107.11647589669741,-9.469791911048006,3.0147754951649666,0.8627240852771458,0.1372759147228541,0.13487736148011445,0.002398553242739663,0.0,0.14566707323214856,0.03617210559408886,0.6808849064509084,3.1731586227506283,2.893075929601688e-16,0.9998444366720465,0.9930920789310547,0.031852464942615524,1
10_state_include_rfif,10,converter_side_filter_reactance,0.8,matched,107.64346248756661,677.0139289651676,107.75011333687172,-11.571899257526027,3.648412935339278,0.8656591892310492,0.13434081076895074,0.13201608127090414,0.0023247294980466085,0.0,0.14191703070673023,0.036999056405053354,0.6867431021192656,3.3848018987353097,4.544370259910635e-16,0.9997725270644764,0.9997485553938329,0.038622596450554735,1
10_state_include_rfif,10,converter_side_filter_reactance,1.2,matched,128.65183259213046,633.2584669729385,100.78621527353891,9.436470847037825,-3.3154851279935205,0.8346429901059523,0.1653570098940477,0.16221527002158415,0.003141739872463542,0.0,0.18095399908753565,0.028903774301595176,0.6247852167168215,3.027443180646469,8.519327901762942e-16,0.9998068663802623,0.9997796888937269,0.03439707899360396,1
10_state_include_rfif,10,filter_capacitor_susceptance,0.8,matched,114.44771492936465,653.9447745200217,104.07854337397639,-4.767646815727986,-0.023157027556052857,0.8516952891819118,0.1483047108180881,0.14554233958831456,0.002762371229773555,0.0,0.1633691968497654,0.02582387096889898,0.6625022213632474,3.177860563687641,8.263137948321854e-16,0.9999904746355412,0.9995701832875866,0.007174180508953214,1
10_state_include_rfif,10,filter_capacitor_susceptance,1.2,matched,124.04756130161641,653.9838342842336,104.08475992852671,4.832199556523776,-0.016940473005732,0.8463101001068752,0.15368989989312476,0.15095229630960105,0.0027376035835237015,0.0,0.1623704930120125,0.03919736239820535,0.6447422446966574,3.198847937381908,1.047291172071375e-15,0.9999902071513784,0.9995691881624295,0.007269696359055025,1
10_state_include_rfif,10,grid_side_filter_reactance,0.8,matched,152.10663671231117,692.4870927759835,110.2127438426337,32.891274967218536,6.1110434411012555,0.8269260840021009,0.17307391599789915,0.17002147308801085,0.0030524429098883043,0.0,0.19288030204990048,0.036113790890138685,0.5979319910620617,3.4605745050071115,6.599785081612746e-16,0.9998880773213987,0.9967650606924968,0.07604302455101787,1
10_state_include_rfif,10,grid_side_filter_reactance,1.2,matched,95.76635373869937,623.0832300081847,99.16677601346697,-23.44900800639327,-4.934924388065465,0.8669391450944774,0.13306085490552264,0.13056063881596672,0.002500216089555909,0.0,0.14038005668786374,0.029179268769550806,0.6973798196370629,2.960791379414104,3.7363423917084896e-16,0.9999345233202275,0.9970770500574786,0.058470980932223186,1
12_state_omit_rfif,12,baseline,1.0,matched,122.0138314980916,627.9979664986665,99.94898061992127,0.0,0.0,0.833674954668257,0.1663250453317429,0.16064310535976767,0.0031639742062406113,0.002517965765734608,0.1476523013789489,0.027406957973758368,0.6586156953155498,2.9604515798124895,4.3272737209614e-16,1.0,1.0,0.0,0
12_state_omit_rfif,12,voltage_pi_joint_gain,0.8,matched,134.49807701518768,599.4785296820507,95.40997127635988,12.48424551709607,-4.539009343561389,0.8139330109396147,0.18606698906038535,0.17955549180796582,0.003663591378783547,0.0028479058736359925,0.16535901140576956,0.028828067285259253,0.6197459322485859,3.359029386029291,4.611948541722697e-16,0.9998486186930141,0.9959703681281693,0.04866375955154251,1
12_state_omit_rfif,12,voltage_pi_joint_gain,1.2,matched,110.5303316895062,648.7755715478606,103.25583916911164,-11.483499808585407,3.3068585491903657,0.8495615372724599,0.15043846272754033,0.14538362711061376,0.002793002764351574,0.0022618328525750063,0.1334277685289078,0.02588600238007839,0.6902477663634736,2.6730323004534666,5.628705030502528e-16,0.999912011429488,0.9963452264576161,0.03710849295801598,1
12_state_omit_rfif,12,current_pi_joint_gain,0.8,matched,130.92191228898605,600.507137937749,95.57367936475939,8.908080790894445,-4.3753012551618795,0.8160061589566635,0.1839938410433364,0.17747020648866507,0.0036755294768902715,0.002848105077781076,0.16602685793262195,0.023230548107359347,0.6267487529166822,3.0115670990089685,9.097018220980377e-16,0.9996556251617476,0.9885616638936577,0.045171529589029764,1
12_state_omit_rfif,12,current_pi_joint_gain,1.2,matched,114.15983453638549,648.7086202968795,103.24518354657181,-7.853996961706116,3.2962029266505364,0.8476691008874039,0.1523308991125961,0.14728351221368363,0.002785368307467979,0.002262018591444469,0.13310680175268058,0.03101079088335204,0.6835515082513712,2.956733214012186,2.1601084994089243e-16,0.9998142069716981,0.9931818037426067,0.03462316155487825,1
12_state_omit_rfif,12,converter_side_filter_reactance,0.8,matched,113.17086082896654,647.7027294174843,103.085091040905,-8.842970669125066,3.136110420983733,0.8474618109379122,0.15253818906208783,0.14704685706276796,0.002790600490303465,0.002700731509016387,0.1272425236384807,0.030722594810075776,0.6894966924893557,3.1072877166745814,3.5143427389149033e-16,0.9998228379252262,0.9997643070996145,0.0337606060682096,1
12_state_omit_rfif,12,converter_side_filter_reactance,1.2,matched,129.40581233868897,609.9083683223521,97.0699316516147,7.39198084059737,-2.8790489683065785,0.8215198696418563,0.17848013035814372,0.17260539202008235,0.003511944414116534,0.0023627939239448284,0.1654223149188665,0.02469582302542825,0.6314017316975615,2.834352957548831,6.900209378373021e-16,0.9998452426270071,0.9997907899033249,0.030546133897982282,1
12_state_omit_rfif,12,filter_capacitor_susceptance,0.8,matched,118.25134152713528,628.256708242109,99.99016064737435,-3.7624899709563238,0.0411800274530797,0.835633292154814,0.1643667078451858,0.15867793249192857,0.0031736495678003785,0.0025151257854568575,0.14810048243202223,0.021836133513630618,0.6656966762091612,2.953619634039781,6.273390539787983e-16,0.9999934745305494,0.9996181549853808,0.005895158960867345,1
12_state_omit_rfif,12,filter_capacitor_susceptance,1.2,matched,125.79408284052917,627.571423117218,99.88109413232061,3.780251342437566,-0.0678864876006578,0.8316524326168551,0.1683475673831449,0.1626756487968688,0.0031527805569876366,0.0025191380292884616,0.1471089131808586,0.03298737502093123,0.6515561444150653,2.9658456642265207,4.578478195743169e-16,0.9999933478461892,0.9996184046276524,0.005946528981429321,1
12_state_omit_rfif,12,grid_side_filter_reactance,0.8,matched,151.48968584001744,663.4549258122131,105.59213096168043,29.47585434192584,5.643150341759154,0.8128538532915606,0.1871461467084393,0.1812472321187103,0.0034446116536339063,0.00245430293609508,0.1749299988158783,0.030465193570795468,0.6074586609048868,3.2270254995154914,6.974845888897857e-16,0.9999148265592898,0.996627331992878,0.07207415213327811,1
12_state_omit_rfif,12,grid_side_filter_reactance,1.2,matched,100.78768643306068,599.9745263619525,95.48891159972341,-21.22614506503092,-4.460069020197859,0.8506511379117501,0.1493488620882499,0.1439003625942447,0.0029245776500506386,0.0025239218439545553,0.1273752239551995,0.024694702575761826,0.6985812113807888,2.7447978597936227,5.37116111570975e-16,0.9999495442397739,0.9970028188665359,0.05495164971877073,1
12_state_omit_rfif,12,active_damping_gain,0.8,matched,121.27022382636049,632.5764427595792,100.67766774867442,-0.7436076717311124,0.7286871287531513,0.836395936112035,0.16360406388796497,0.15846002110089086,0.0030915511557411696,0.0020524916313329426,0.15045946267177351,0.028285793489143583,0.6576506799511179,2.9987713515493413,7.053667711610087e-16,0.9999916234103868,0.9994701561831146,0.00725054002409515,1
12_state_omit_rfif,12,active_damping_gain,1.2,matched,122.66302044291993,623.5709097299051,99.24439265182446,0.6491889448283246,-0.7045879680968135,0.8311026977054213,0.1688973022945787,0.16269753372038098,0.003233410618905902,0.0029663579552918233,0.14495002171651583,0.026571381932343277,0.6595812940565622,2.9257176262699,5.104423210086377e-16,0.9999920742265831,0.9994801290922586,0.0069940820170151675,1
12_state_omit_rfif,12,active_damping_cutoff,0.8,matched,121.69148007716666,627.8592382367636,99.92690133129288,-0.32235142092494584,-0.022079288628391022,0.8342663055110244,0.1657336944889758,0.1605411533209093,0.0031637374174677867,0.002028803750598707,0.14758339010935542,0.027366018449643734,0.6593168969520252,2.9601448434447293,4.849926405848903e-16,0.9999972993981633,0.9999968781902807,0.0005485590735801228,1
12_state_omit_rfif,12,active_damping_cutoff,1.2,matched,122.32996162883165,628.1446771298499,99.97233034207824,0.31613013074004925,0.02334972215696942,0.8330979795289282,0.16690202047107183,0.1607390881060315,0.0031640549408102096,0.002998877424230128,0.14772620028994027,0.027449226042818922,0.657922553196169,2.960779615082303,2.877532397843662e-16,0.999997336748085,0.9999969305703985,0.0005447739903188395,1
12_state_include_rfif,12,baseline,1.0,matched,123.89318932165776,629.2657131761982,100.15074877023876,0.0,0.0,0.8339230391426099,0.16607696085739007,0.16040743231913818,0.0031459033085718536,0.0025236252296800643,0.14772499439355802,0.027560753387337808,0.6586372913617141,2.95632374398684,7.193668942666836e-16,1.0,1.0,0.0,0
12_state_include_rfif,12,voltage_pi_joint_gain,0.8,matched,136.66204198083523,600.7849091195089,95.61788802138496,12.768852659177469,-4.532860748853807,0.8143540622348981,0.18564593776510183,0.1791502586239831,0.0036389957058219763,0.0028566834352967384,0.1654575138025261,0.02903679451481018,0.6198597539175619,3.3529511297343206,3.193916920954051e-16,0.9998477142210836,0.9959711351995874,0.0486666596251407,1
12_state_include_rfif,12,voltage_pi_joint_gain,1.2,matched,112.18094911906911,649.9946400720711,103.44985995070748,-11.712240202588646,3.299111180468704,0.8496995061480204,0.15030049385197974,0.14525562173496318,0.0027791326448681933,0.002265739472148369,0.13348433248962266,0.026002185335466367,0.6902129883229313,2.670148138305756,3.8415680623742343e-16,0.9999114208182421,0.9963469780847686,0.03712336495428059,1
12_state_include_rfif,12,current_pi_joint_gain,0.8,matched,133.05496686487618,601.8715469760413,95.79083180760286,9.16177754321842,-4.359916962635906,0.8164651879312779,0.18353481206872205,0.17702540279241086,0.003651944973853541,0.0028574643024576393,0.1661615051043588,0.023395581604524734,0.6269081012223944,3.0068122087156053,7.653777407216259e-16,0.9996584865697036,0.9885698485018314,0.04503903486747967,1
12_state_include_rfif,12,current_pi_joint_gain,1.2,matched,115.84213437673222,649.8901197324999,103.43322502201107,-8.05105494492554,3.2824762517723047,0.8477657660623963,0.15223423393760355,0.14719775196379162,0.0027708948083843684,0.0022655871654275834,0.13314260068409556,0.031153291826957814,0.6834698735513429,2.9530049925522555,3.5173822471596905e-16,0.9998155229003526,0.9931866779256024,0.03452135302954605,1
12_state_include_rfif,12,converter_side_filter_reactance,0.8,matched,115.17736328870154,649.1041659550829,103.3081365932934,-8.715826032956215,3.1573878230546364,0.8475886587580452,0.15241134124195482,0.14693242715180785,0.002773149925324637,0.002705764164822339,0.12727879668598402,0.03088906348264712,0.6894207985894141,3.1024075548694814,5.639747269259924e-16,0.9998228846024373,0.9997633549385699,0.03378618191284222,1
12_state_include_rfif,12,converter_side_filter_reactance,1.2,matched,131.17503345777624,611.0633787762722,97.25375727467889,7.28184413611848,-2.896991495559876,0.8218492176944837,0.17815078230551618,0.17228862208708495,0.003493360803985247,0.002368799414445981,0.16552800027664,0.02483762416002109,0.6314835932578227,2.83080112566868,9.260781802101995e-16,0.9998452836948019,0.9997900182549616,0.030568286437136966,1
12_state_include_rfif,12,filter_capacitor_susceptance,0.8,matched,120.09658759555492,629.5673091761265,100.19874926444409,-3.7966017261028355,0.04800049420532889,0.8359252909577295,0.16407470904227037,0.15839718699024147,0.003156337672773495,0.002521184379255424,0.14819850900699633,0.021963801728186738,0.6657629802225464,2.9499216930689673,5.888596917779485e-16,0.9999933722034456,0.9996179378532042,0.005938387797587463,1
12_state_include_rfif,12,filter_capacitor_susceptance,1.2,matched,127.70463349866304,628.7937966913994,100.07564092895647,3.811444177005285,-0.07510784128228659,0.8318596786027768,0.16814032139722318,0.16248196407611712,0.0031339647409637838,0.002524392580142293,0.14715644167268183,0.03316446751411577,0.6515387694159792,2.961268940516778,5.42236840965306e-16,0.9999932469227549,0.9996182704987564,0.005988261557457412,1
12_state_include_rfif,12,grid_side_filter_reactance,0.8,matched,153.8089075788172,664.7925080719328,105.80501379010684,29.915718257159455,5.65426501986808,0.813282498490733,0.18671750150926708,0.1808355276752917,0.0034230263917642174,0.0024589474422111583,0.1750247013012423,0.03063886724796432,0.6076189299415263,3.2211224214058016,4.846956000117537e-16,0.9999130396813601,0.9966275377563922,0.07241741157845116,1
12_state_include_rfif,12,grid_side_filter_reactance,1.2,matched,102.34179910510164,601.1649122449228,95.67836739718494,-21.551390216556115,-4.472381373053823,0.8507726144463923,0.1492273855536076,0.14378755487047573,0.0029093899077288097,0.0025304407754030435,0.12743587805714623,0.024831888762331417,0.6985048476269147,2.7420121111734113,5.556569459530257e-16,0.9999484074992269,0.9970049451293098,0.05521748515801886,1
12_state_include_rfif,12,active_damping_gain,0.8,matched,123.18585756317722,633.886189237757,100.88612037487361,-0.7073317584805352,0.7353716046348472,0.836616511377292,0.1633834886227081,0.1582528334456869,0.0030736060351568093,0.002057049141864378,0.1505353973281661,0.028446939400275553,0.6576341746488503,2.9945824718727914,5.793597509082448e-16,0.9999915510913752,0.9994705677077685,0.007288270255630011,1
12_state_include_rfif,12,active_damping_gain,1.2,matched,124.50764045888887,624.79930442156,99.43989773906918,0.6144511372311143,-0.7108510311695896,0.8313753765534092,0.16862462344659096,0.16243629029233825,0.003215230130266729,0.0029731030239859785,0.14501966666261748,0.0267183475046939,0.6596373623860978,2.9216476045054423,5.831003868857947e-16,0.9999920069430795,0.9994805437747116,0.007029708216230255,1
12_state_include_rfif,12,active_damping_cutoff,0.8,matched,123.56828823857637,629.128453784569,100.1289032595752,-0.3249010830813859,-0.021845510663571308,0.8345190439429575,0.16548095605704255,0.16030188619161362,0.0031455831811940315,0.0020334866842348924,0.1476576748996884,0.027519996909781224,0.6593413721334879,2.956034752389962,4.873406380342068e-16,0.9999972769929614,0.9999968969331458,0.0005499449294790515,1
12_state_include_rfif,12,active_damping_cutoff,1.2,matched,124.21188712972543,629.4109988423168,100.17387170216193,0.3186978080676681,0.023122931923161973,0.8333414624925478,0.1666585375074521,0.16050702497522218,0.0031460672935790636,0.00300544523865087,0.14779729400493313,0.02760284230160804,0.6579413261860066,2.9566336455296853,2.9712724628923095e-16,0.9999973149382423,0.9999969492644463,0.0005461195319214428,1
