case_name,frequency_Hz,normalized_separation_margin,normalized_lower_bound,normalized_upper_bound,optimal_rotation_rad,normalized_H_contribution,normalized_G_contribution,normalized_commutator,normalized_eigenvalue_gap,critical_direction_d_magnitude,critical_direction_q_magnitude,critical_direction_q_relative_phase_rad,classification_status,classification_is_certified,direction_resolved,objective_envelope_resolved,attribution_status,overall_numerical_status
stable,0.1,-0.43677920258718,-0.43677920258718,-0.434597583005429,0.872084387455299,-0.180716257310808,-0.256062945276372,0.69113167372698,0.894011956023387,0.445500153142618,0.895281862627577,-1.31302409321843,non-sectorial,1,1,1,resolved,resolved
stable,0.105011563593534,-0.433733813193674,-0.433733813193674,-0.431552767341796,0.866126448093568,-0.182004249213394,-0.25172956398028,0.689566365137859,0.888875003811,0.44329159325086,0.896377467004339,-1.31003755008439,non-sectorial,1,1,1,resolved,resolved
stable,0.110274284883587,-0.430533424384746,-0.430533424384746,-0.428351824317465,0.860241829354623,-0.183164207559175,-0.247369216825572,0.68784539049715,0.883474661718939,0.441125311667256,0.897445518907118,-1.30706016731228,non-sectorial,1,1,1,resolved,resolved
stable,0.115800750797843,-0.427170618800878,-0.427170618800878,-0.424989048606454,0.854418674441312,-0.184195319884389,-0.242975298916489,0.685953842535421,0.877798383686541,0.43899730262395,0.898488379607046,-1.30408576361448,non-sectorial,1,1,1,resolved,resolved
stable,0.121604179065866,-0.4236376355562,-0.4236376355562,-0.421456687455956,0.848645030232231,-0.185096457916427,-0.238541177639774,0.683875507713497,0.871833040086218,0.436903562723879,0.899508352867933,-1.3011078346546,non-sectorial,1,1,1,resolved,resolved
stable,0.127698449832146,-0.419926358505572,-0.419926358505572,-0.417744797402001,0.842908795992092,-0.185866166000712,-0.23406019250486,0.681592777621047,0.865564897112507,0.434840069353357,0.900507697959749,-1.29811950000616,non-sectorial,1,1,1,resolved,resolved
stable,0.13409813885344,-0.41602830484171,-0.41602830484171,-0.413846697187466,0.837197874445599,-0.186502531169143,-0.229525773672567,0.679086560127367,0.858979601015499,0.432802868503377,0.901488589509179,-1.29511358241531,non-sectorial,1,1,1,resolved,resolved
stable,0.140818552359825,-0.411934614180656,-0.411934614180656,-0.409753599737626,0.831499863544026,-0.187003316134881,-0.224931298045775,0.676336191854996,0.852062153766996,0.430787915504384,0.902453196490204,-1.29208237491913,non-sectorial,1,1,1,resolved,resolved
stable,0.147875763662831,-0.407636038326335,-0.407636038326335,-0.405454622308703,0.825802388701979,-0.187365719381312,-0.220270318945023,0.673319353955331,0.844796903568699,0.428791263379126,0.903403593334525,-1.28901783670717,non-sectorial,1,1,1,resolved,resolved
stable,0.155286651598217,-0.403122931943202,-0.403122931943202,-0.400941279856809,0.820092902279408,-0.18758644069532,-0.215536491247882,0.670011993640718,0.83716752591995,0.426808964052094,0.904341809386683,-1.28591142481233,non-sectorial,1,1,1,resolved,resolved
stable,0.163068940895331,-0.398385244410819,-0.398385244410819,-0.396204117739317,0.814358699667295,-0.187661619193857,-0.210723625216962,0.66638825447392,0.829157011393504,0.424837087281198,0.905269821252442,-1.28275406524413,non-sectorial,1,1,1,resolved,resolved
stable,0.171241244569602,-0.393412513187017,-0.393412513187017,-0.391231277626541,0.808586918225788,-0.187586777884912,-0.205825735302104,0.662420419036011,0.820747655978249,0.422871732255692,0.906189548637078,-1.27953610716301,non-sectorial,1,1,1,resolved,resolved
stable,0.179823108439566,-0.388193859068311,-0.388193859068311,-0.386012199746021,0.802764533244289,-0.187356766438274,-0.200837092630037,0.65807886828711,0.811921054983677,0.420909039760666,0.90710284987302,-1.27624726851618,non-sectorial,1,1,1,resolved,resolved
stable,0.188835057874883,-0.382717983809143,-0.382717983809143,-0.380536981001023,0.796878357108199,-0.186965698130007,-0.195752285679136,0.653332062696614,0.802658101528206,0.418945209001362,0.908011515265531,-1.2728765768526,non-sectorial,1,1,1,resolved,resolved
stable,0.198298646887169,-0.376973170647307,-0.376973170647307,-0.374791868277525,0.790914928357932,-0.1864069537606,-0.190566216886707,0.648146551040204,0.792938986875138,0.416976448867967,0.908917290565792,-1.2694122096261,non-sectorial,1,1,1,resolved,resolved
stable,0.208236509681036,-0.370947288383637,-0.370947288383637,-0.368765709995386,0.784860621101539,-0.185673043335674,-0.185274245047963,0.642487013622171,0.782743214066545,0.414999065873048,0.909821837133236,-1.26584149897858,non-sectorial,1,1,1,resolved,resolved
stable,0.218672414788656,-0.364627799782595,-0.364627799782595,-0.362447393116888,0.778701521439505,-0.184755612612791,-0.179872187169803,0.6363163475559,0.772049612137721,0.413009412595686,0.910726756556195,-1.26215073286809,non-sectorial,1,1,1,resolved,resolved
stable,0.229631321917304,-0.358001775199609,-0.358001775199609,-0.355820118372107,0.77242350490935,-0.183645317159223,-0.174356458040386,0.629595802583092,0.760836366488752,0.411003965821956,0.911633555809912,-1.25832510695297,non-sectorial,1,1,1,resolved,resolved
stable,0.241139441645862,-0.351055912504665,-0.351055912504665,-0.34887553872129,0.766012066807813,-0.182331858878187,-0.168724053626478,0.622285176679359,0.749081051599828,0.40897924813834,0.912543683662431,-1.25434843640406,non-sectorial,1,1,1,resolved,resolved
stable,0.253224298113036,-0.343776564563854,-0.343776564563854,-0.341594923587379,0.759452487173639,-0.180803796111704,-0.16297276845215,0.614343081309724,0.736760689877197,0.406931975659524,0.913458464948372,-1.2502031436495,non-sectorial,1,1,1,resolved,resolved
stable,0.265914794847249,-0.336149775766118,-0.336149775766118,-0.333969883612049,0.752729644526287,-0.179048592567863,-0.157101183198255,0.605727286573199,0.723851813028965,0.404858977020631,0.914379138391624,-1.24586989177252,non-sectorial,1,1,1,resolved,resolved
stable,0.279241283895634,-0.328161329347014,-0.328161329347014,-0.325979705893678,0.745828121662274,-0.17705246624123,-0.151108863105784,0.596395156503101,0.710330554293768,0.402757318794817,0.915306802201977,-1.24132745450237,non-sectorial,1,1,1,resolved,resolved
stable,0.293235638417463,-0.31979680757127,-0.31979680757127,-0.31761593794385,0.73873205759392,-0.174800422909985,-0.144996384661285,0.586304184343072,0.69617275228636,0.400624260221293,0.916242436324656,-1.23655228584717,non-sectorial,1,1,1,resolved,resolved
stable,0.307931328915658,-0.311041667198634,-0.311041667198634,-0.308861250697465,0.731425331143702,-0.172276050989027,-0.138765616209606,0.575412636556949,0.681354097125135,0.398457464535036,0.917186812463148,-1.23151838164279,non-sectorial,1,1,1,resolved,resolved
stable,0.323363503288679,-0.301881333081644,-0.301881333081644,-0.299699762531459,0.723891326909571,-0.169461638195187,-0.132419694886456,0.563680312504574,0.665850287940268,0.396254911535013,0.918140536674195,-1.2261966187895,non-sectorial,1,1,1,resolved,resolved
stable,0.339569070894269,-0.292301313238992,-0.292301313238992,-0.29011980556157,0.716113061047977,-0.166338032795675,-0.125963280443317,0.551069423978266,0.649637244770357,0.394015099003281,0.919103966783647,-1.22055439333534,non-sectorial,1,1,1,resolved,resolved
stable,0.356586790826106,-0.282287339325885,-0.282287339325885,-0.280106551128271,0.70807315564181,-0.162884636439623,-0.119402702886262,0.537545595016887,0.632691356663133,0.391737155598556,0.920077171178349,-1.2145549851671,non-sectorial,1,1,1,resolved,resolved
stable,0.374457364614496,-0.271825537096646,-0.271825537096646,-0.269645551744721,0.69975382637648,-0.159079415744583,-0.112746121352063,0.523078977504993,0.614989780849926,0.389420992145031,0.921059873665539,-1.20815678921207,non-sectorial,1,1,1,resolved,resolved
stable,0.393223533572821,-0.26090263224169,-0.26090263224169,-0.258723031432747,0.691136915799816,-0.154898911435715,-0.106003720805975,0.507645471996646,0.596510803629272,0.387067532132182,0.922051368183521,-1.2013124225394,non-sectorial,1,1,1,resolved,resolved
stable,0.412930181022563,-0.249506197903235,-0.249506197903235,-0.247326264382009,0.682203919353041,-0.150318298817331,-0.0991878990859035,0.491228036043783,0.577234269578873,0.384678991567847,0.923050417608022,-1.19396759053472,non-sectorial,1,1,1,resolved,resolved
stable,0.433624439641402,-0.237624951262099,-0.237624951262099,-0.235444068967804,0.672935994476645,-0.145311527612699,-0.0923134236494004,0.473818054250093,0.557142088826451,0.38225921218804,0.924055136178236,-1.18605961461262,non-sectorial,1,1,1,resolved,resolved
stable,0.455355804191134,-0.225249107887727,-0.225249107887727,-0.223067453659412,0.663314054094511,-0.139851461436605,-0.0853976464511217,0.45541673566184,0.536218841827617,0.37981417506159,0.925062804582632,-1.17751568501462,non-sectorial,1,1,1,resolved,resolved
stable,0.478176249895018,-0.212370804126781,-0.212370804126781,-0.210190464820912,0.653318862603311,-0.133910107869026,-0.0784606962577547,0.436036495477156,0.514452490565374,0.377352662481698,0.926069634594491,-1.16825059850454,non-sectorial,1,1,1,resolved,resolved
stable,0.502140356747681,-0.198984599790671,-0.198984599790671,-0.196805344463509,0.642931098637169,-0.127459011962409,-0.071525587828262,0.415702270132588,0.491835208498022,0.374887077611394,0.927070482239613,-1.15816370966312,non-sectorial,1,1,1,resolved,resolved
stable,0.527305440054887,-0.185088075987941,-0.185088075987941,-0.182906759022843,0.632131526084995,-0.120469694872228,-0.064618381115713,0.39445270853876,0.468364358582789,0.372434665087979,0.928058414239538,-1.14713509373342,non-sectorial,1,1,1,resolved,resolved
stable,0.553731687515399,-0.170682546474321,-0.170682546474321,-0.168503028241418,0.620901168667626,-0.11291428208332,-0.0577682643910006,0.372341178710733,0.444043633037749,0.370019158620673,0.929024123612325,-1.13502036727933,non-sectorial,1,1,1,resolved,resolved
stable,0.58148230317278,-0.155773905945044,-0.155773905945044,-0.153595971493571,0.609221534557489,-0.104766320043625,-0.0510075859014181,0.349436529593084,0.41888438474937,0.367673118315679,0.929955094651362,-1.12164369960978,non-sectorial,1,1,1,resolved,resolved
stable,0.610623658581427,-0.1403736462699,-0.1403736462699,-0.138192735988871,0.597074898833687,-0.0960018272838438,-0.0443718189860565,0.32582355407165,0.392907185563529,0.365441312393918,0.93083438225917,-1.10678821610005,non-sectorial,1,1,1,resolved,resolved
stable,0.641225451548396,-0.12450008346295,-0.12450008346295,-0.122318521238732,0.584444646936703,-0.0866006473337711,-0.0378994361291791,0.301603112952299,0.366143660330551,0.363385713910791,0.931638783502246,-1.09018254586585,non-sectorial,1,1,1,resolved,resolved
stable,0.673360872830666,-0.108179857004344,-0.108179857004344,-0.105998345798517,0.571315690852211,-0.07654818038929,-0.0316316766150542,0.276891903910327,0.338638672101595,0.36159309050761,0.932336010726367,-1.07148157236806,non-sectorial,1,1,1,resolved,resolved
stable,0.707106781186547,-0.0914497935699623,-0.0914497935699623,-0.089269627257117,0.557674970316504,-0.0658375980720602,-0.0256121954979021,0.251821898999576,0.310452981872717,0.360186898830644,0.932880162674051,-1.05023825174496,non-sectorial,1,1,1,resolved,resolved
stable,0.742543887199899,-0.0743592764646659,-0.0743592764646659,-0.0721865699277718,0.543512047308333,-0.0544726996870256,-0.0198865767776403,0.226539539249091,0.281666595512168,0.359346592937097,0.933204171735479,-1.02586127001636,non-sectorial,1,1,1,resolved,resolved
stable,0.779756946316818,-0.056973341023425,-0.056973341023425,-0.0547937790686313,0.528819813221317,-0.0424716261444137,-0.0145017148790113,0.201204887647774,0.252383180704187,0.359340308327026,0.933206591710238,-0.997549639115412,non-sectorial,1,1,1,resolved,resolved
stable,0.81883496155648,-0.039376842108005,-0.039376842108005,-0.0372006059116771,0.513595331750903,-0.0298717697569419,-0.00950507235106302,0.175991156877771,0.222736258535469,0.360582929646012,0.932727157773322,-0.964188522728283,non-sectorial,1,1,1,resolved,resolved
stable,0.859871396380969,-0.0216802483067075,-0.0216802483067074,-0.0194992912165953,0.497840867297984,-0.0167364041595398,-0.00494384414716762,0.151085486903272,0.192898505858285,0.363745325787174,0.931498436911186,-0.924177771647376,non-sectorial,1,1,1,resolved,resolved
stable,0.902964398233205,-0.00402803264406973,-0.00402803264406971,-0.00185863560125806,0.481565219126069,-0.00316392388313267,-0.00086410876093705,0.126692948244446,0.163096839709181,0.369974273965507,0.929041999375537,-0.875140025805177,non-sectorial,1,1,1,resolved,resolved
stable,0.94821703327763,0.0133881790610537,0.0133881790610536,0.0155438887527321,0.464785671590174,0.010698342739447,0.00268983632160669,0.103048730750407,0.133639276776372,0.381372397937032,0.924421491578251,-0.813408199174085,strict-sectorial,1,1,1,resolved,resolved
stable,0.995737532905055,0.0303049040993783,0.0303049040993783,0.0324591303829076,0.447531529928846,0.0246298493304021,0.00567505476897611,0.080452725741025,0.104970034635294,0.402148787635914,0.915574329370895,-0.733111822151747,strict-sectorial,1,1,1,resolved,resolved
stable,1.04563955259127,0.046323486699537,0.046323486699537,0.0484584109534784,0.429852526893729,0.0382785040898947,0.00804498260964233,0.0593740787199517,0.0778101993532089,0.441656947579098,0.897184006018339,-0.624615869359681,strict-sectorial,1,1,1,resolved,resolved
stable,1.09804244372852,0.0606897124730194,0.0606897124730194,0.0628273780073735,0.411845345976666,0.0509647241269666,0.00972498834605277,0.0408127486393892,0.0536222285347395,0.522568680460589,0.852597193404763,-0.472597229643785,strict-sectorial,1,1,1,resolved,resolved
stable,1.15307153907997,0.071458132521861,0.0714581325218609,0.0736148171374805,0.393749246409504,0.0609402164550024,0.0105179160668586,0.0276206985809911,0.0363158680388387,0.688872019164527,0.724882984496248,-0.258843455196287,strict-sectorial,1,1,1,resolved,resolved
stable,1.2108584525399,0.0746016802319321,0.0746016802319321,0.0767673202618882,0.376062255487345,0.0645394091033407,0.0100622711285914,0.0259246642137289,0.0340561630673263,0.890700863800217,0.454589893448533,0.0171125329048691,strict-sectorial,1,1,1,resolved,resolved
stable,1.27154139391661,0.0704922598263903,0.0704922598263902,0.0726538403032745,0.358860555495734,0.06179727042184,0.00869498940455029,0.0352215537670631,0.0461729709523778,0.970777969006004,0.239979446812802,0.352319432290866,strict-sectorial,1,1,1,resolved,resolved
stable,1.33526549949084,0.0640209477030706,0.0640209477030705,0.0661780983432627,0.341722563938752,0.0568314647181474,0.00718948298492313,0.0481034419625616,0.0628800879622357,0.989431749749326,0.144999353750241,0.757721074774889,strict-sectorial,1,1,1,resolved,resolved
stable,1.40218317914034,0.0574428945333132,0.0574428945333132,0.0595989322823355,0.324486857133426,0.0516039576375272,0.00583893689578594,0.0611717019712354,0.079702207823221,0.994154548822929,0.10796635149285,1.18574545433769,strict-sectorial,1,1,1,resolved,resolved
stable,1.47245448086079,0.0514643434285823,0.0514643434285823,0.05362144269052,0.30715618384839,0.0467597287967311,0.00470461463185121,0.0733736761995272,0.0952787833790594,0.995477448786195,0.0949981523932399,1.55923734223213,strict-sectorial,1,1,1,resolved,resolved
stable,1.54624747355496,0.0463387784446891,0.0463387784446891,0.0484971864581442,0.289784589046607,0.0425551863346738,0.00378359211001526,0.0843311646126532,0.109150295511969,0.995826423793181,0.0912673746487926,1.85263490905554,strict-sectorial,1,1,1,resolved,resolved
stable,1.62373864900557,0.0421649707124158,0.0421649707124158,0.0443232108886673,0.272445403747168,0.039111887779572,0.00305308293284379,0.0938919087953118,0.12115762141701,0.995859407227673,0.0909067711237644,2.08222725914372,strict-sectorial,1,1,1,resolved,resolved
stable,1.70511334399327,0.0389749548095289,0.0389749548095289,0.0411298212660821,0.255220587300314,0.0364908681528525,0.00248408665667637,0.10200106192571,0.131266436484542,0.99577220685777,0.0918570195989759,2.2691904161293,strict-sectorial,1,1,1,resolved,resolved
stable,1.79056618356931,0.0367659369555256,0.0367659369555256,0.0389304054784748,0.238195531206761,0.0347190977661104,0.00204683918941521,0.108656379685906,0.139504844261008,0.995622037372552,0.0934706301365744,2.42806129081318,strict-sectorial,1,1,1,resolved,resolved
stable,1.8803015465432,0.0355141185650618,0.0355141185650619,0.0376898903407568,0.221455517626779,0.0338007026236931,0.00171341594136881,0.113889327919746,0.145937182615777,0.995421591952499,0.0955816628582738,2.56730632532945,strict-sectorial,1,1,1,resolved,resolved
stable,1.9745340542984,0.0351816227317535,0.0351816227317536,0.0373632836471101,0.205082830234951,0.0337225469301962,0.00145907580155735,0.117755474932293,0.15065134650964,0.995169665771847,0.0981699359659029,2.69156185593863,strict-sectorial,1,1,1,resolved,resolved
stable,2.07348908410554,0.0357204398877756,0.0357204398877757,0.0378908637713875,0.189154287015245,0.0344575566848114,0.00126288320296426,0.120328600235283,0.153751767309074,0.994861795205538,0.101242325340806,2.80331063174862,strict-sectorial,1,1,1,resolved,resolved
stable,2.17740330816047,0.0370749690118829,0.037074969011883,0.0392536702514284,0.173739154176752,0.0359670657221643,0.00110790328971866,0.121696426692828,0.155354936231987,0.99449396059659,0.104793904101848,2.90392280780043,strict-sectorial,1,1,1,resolved,resolved
stable,2.28652525963663,0.0391838586543278,0.0391838586543278,0.0413500505053981,0.158897523057734,0.038202826410194,0.000981032244133731,0.121957126147308,0.155586131690809,0.994063724916255,0.108799406274207,2.99426151760449,strict-sectorial,1,1,1,resolved,resolved
stable,2.40111592710553,0.0419814851692938,0.0419814851692938,0.0441609212579746,0.144679147064177,0.0411088401793986,0.000872644989895229,0.121216242716656,0.154576722386412,0.993570386098306,0.113216111346683,3.07500804034527,strict-sectorial,1,1,1,resolved,resolved
stable,2.52144937874688,0.0453992353164675,0.0453992353164675,0.0475806615595737,0.131122778614896,0.0446231418586258,0.000776093457841661,0.119583891305977,0.152461762808955,0.993014765609282,0.117990149088571,-3.13637047828313,strict-sectorial,1,1,1,resolved,resolved
stable,2.64781341784154,0.049366674770908,0.0493666747709081,0.0515473805965242,0.118255972376208,0.0486795224769979,0.000687152293910159,0.117172186290516,0.149377749580933,0.992398884249465,0.123062807299434,-3.07282652523744,strict-sectorial,1,1,1,resolved,resolved
stable,2.78051027111478,0.0538126378664184,0.0538126378664185,0.0559850043787003,0.10609531485098,0.0532091793656054,0.00060345850081306,0.114092900303617,0.145460494333079,0.991725633409412,0.128375496254932,-3.01684124673638,strict-sectorial,1,1,1,resolved,resolved
stable,2.91985731157643,0.0586662473812238,0.0586662473812238,0.0608387989396533,0.094647035861406,0.0581422797703705,0.000523967610853344,0.110455372085731,0.140843117588642,0.990998482841509,0.13387310038177,-2.9676996267741,strict-sectorial,1,1,1,resolved,resolved
stable,3.06618781758652,0.0638578574730462,0.0638578574730462,0.0660342514766519,0.0839078388475634,0.0634093176011961,0.000448539871850102,0.106364687391238,0.135654167245401,0.990221249635105,0.139505830598909,-2.92469870922773,strict-sectorial,1,1,1,resolved,resolved
stable,3.21985176996205,0.0693199041076548,0.0693199041076548,0.0715010441649186,0.073865997815775,0.0689423683474729,0.000377535760181867,0.101920153987295,0.130015930042885,0.989397917578236,0.145230026825895,-2.88716367752065,strict-sectorial,1,1,1,resolved,resolved
stable,3.38121668903121,0.0749876439413606,0.0749876439413606,0.0771642539609246,0.0645025087555284,0.0746760859327435,0.000311558008617138,0.097214084209651,0.124042946735672,0.988532516691418,0.151008156878133,-2.85446082627857,strict-sectorial,1,1,1,resolved,resolved
stable,3.55066851363717,0.0807997638985169,0.0807997638985169,0.0829763197974066,0.0557923051604248,0.0805485118911266,0.000251252007390315,0.0923308885887364,0.117840791687648,0.987629046793678,0.156808373275827,-2.82600410351444,strict-sectorial,1,1,1,resolved,resolved
stable,3.72861252419367,0.0866988488985469,0.0866988488985468,0.088879984901721,0.0477054866264135,0.086501688705341,0.000197160193205753,0.0873464733482626,0.111505154052155,0.98669142503784,0.162603910644229,-2.80125616029803,strict-sectorial,1,1,1,resolved,resolved
stable,3.91547431200009,0.0926317031844893,0.0926317031844894,0.094807591595102,0.04020842070855,0.0924820247117627,0.000149678472726557,0.0823279243440304,0.105121216700837,0.985723478184954,0.168372279651246,-2.7797293080473,strict-sectorial,1,1,1,resolved,resolved
stable,4.11170079713445,0.0985495299148489,0.098549529914849,0.100712652568627,0.03326482142967,0.0984405210069739,0.000109008907874999,0.077333451168625,0.0987633741719441,0.984728925796208,0.174094637195538,-2.76098162746301,strict-sectorial,1,1,1,resolved,resolved
stable,4.31776129735866,0.104407982389906,0.104407982389906,0.106586477100179,0.0268366551750376,0.104332804787564,7.51776023417406e-05,0.0724125583115101,0.0924952421071807,0.983711390799033,0.179755110114375,-2.74461465864578,strict-sectorial,1,1,1,resolved,resolved
stable,4.53414865059277,0.110167107027358,0.110167107027358,0.1123420317909,0.0208849678887066,0.110119060549552,4.80464778058373e-05,0.0676064057579661,0.0863699576556406,0.982674387169544,0.185340359341839,-2.73026861679753,strict-sectorial,1,1,1,resolved,resolved
stable,4.76138039364257,0.115791202076427,0.115791202076427,0.117937181232781,0.0153705454095601,0.115763848432247,2.73536441805336e-05,0.062948319296919,0.0804307041187915,0.981621319362756,0.190839161003506,-2.71761929922775,strict-sectorial,1,1,1,resolved,resolved
stable,5,0.121248616848114,0.121248616848114,0.12340948628944,0.0102544575442556,0.121235867532087,1.27493160273118e-05,0.0584644109306193,0.0747114219544236,0.980555471203986,0.196242115489842,-2.70637484700397,strict-sectorial,1,1,1,resolved,resolved
unstable,0.1,-0.0852988288013343,-0.0852988288013343,-0.0831269314517056,-1.56499840720138,-2.86757893397637e-06,-0.0852959612224003,0.133637292513113,0.174107832485043,0.678557332341938,0.734547443481354,-2.8389268148916,non-sectorial,1,1,1,resolved,resolved
unstable,0.105011563593534,-0.0893765989229817,-0.0893765989229817,-0.0872101596254307,-1.56391278420679,-4.23509592870591e-06,-0.089372363827053,0.140558414867851,0.182464853729899,0.675735724079426,0.737143969115162,-2.82560127270724,non-sectorial,1,1,1,resolved,resolved
unstable,0.110274284883587,-0.0936397667457967,-0.0936397667457967,-0.0914595332820876,-1.56265057284557,-6.21393846837089e-06,-0.0936335528073283,0.147844651949095,0.191207504490582,0.672645024477455,0.739965317461382,-2.8118448807806,non-sectorial,1,1,1,resolved,resolved
unstable,0.115800750797843,-0.0980944635365136,-0.0980944635365136,-0.0959159295697527,-1.56118462741038,-9.06225873029122e-06,-0.0980854012777833,0.155512936037745,0.200349594242075,0.669261232034297,0.743027188799935,-2.79766071221947,non-sectorial,1,1,1,resolved,resolved
unstable,0.121604179065866,-0.102746339346578,-0.102746339346578,-0.100576572096665,-1.55948377477224,-1.31487526174547e-05,-0.10273319059396,0.163579839093039,0.209904176950743,0.6655581918524,0.746345960837307,-2.78305319773729,non-sectorial,1,1,1,resolved,resolved
unstable,0.127698449832146,-0.107600342099084,-0.107600342099084,-0.10541881447476,-1.55751240518881,-1.89859486335374e-05,-0.10758135615045,0.172061156671792,0.219883139005738,0.661507838666633,0.749938250379723,-2.76802766405853,non-sectorial,1,1,1,resolved,resolved
unstable,0.13409813885344,-0.112660444166124,-0.112660444166124,-0.110490683925668,-1.55522978029644,-2.72977297422914e-05,-0.112633146436382,0.180971375125939,0.230296686718539,0.657079659363159,0.753821146725929,-2.75259002667327,non-sectorial,1,1,1,resolved,resolved
unstable,0.140818552359825,-0.117929307614468,-0.117929307614468,-0.115749433820299,-1.55258953521048,-3.90866991004889e-05,-0.117890220915367,0.190323000281925,0.24115271500603,0.652240899313456,0.758011747443781,-2.73674595154762,non-sectorial,1,1,1,resolved,resolved
unstable,0.147875763662831,-0.123407878815974,-0.123407878815974,-0.121227143890544,-1.549538878489,-5.57561364812974e-05,-0.123352122679492,0.200125724631761,0.252456040181725,0.646955975138691,0.762527354415791,-2.72050009832877,non-sectorial,1,1,1,resolved,resolved
unstable,0.155286651598217,-0.12909490306114,-0.12909490306114,-0.126918715536814,-1.54601801680313,-7.92435848848434e-05,-0.129015659476255,0.210385410238752,0.264207476855764,0.641186605425076,0.767384999217126,-2.7038547092411,non-sectorial,1,1,1,resolved,resolved
unstable,0.163068940895331,-0.134986350444683,-0.134986350444683,-0.132812315679612,-1.54195942853612,-0.000112218819353523,-0.13487413162533,0.221102866906399,0.276402742396358,0.634891506141343,0.772601304315219,-2.68680797796335,non-sectorial,1,1,1,resolved,resolved
unstable,0.171241244569602,-0.14107474599178,-0.14107474599178,-0.138897891316303,-1.53728716906092,-0.000158348363265318,-0.140916397628515,0.232272410793981,0.289031173956356,0.628026121128958,0.778192258493822,-2.66935189438425,non-sectorial,1,1,1,resolved,resolved
unstable,0.179823108439566,-0.147348400303622,-0.147348400303622,-0.145167090719359,-1.5319163575408,-0.00022262588060635,-0.147125774423016,0.243880199041994,0.302074248932677,0.620542614141284,0.784172725893155,-2.6514693259617,non-sectorial,1,1,1,resolved,resolved
unstable,0.188835057874883,-0.153790542679714,-0.153790542679714,-0.151613200740034,-1.52575271360368,-0.00031181978500188,-0.153478722894712,0.255902352908747,0.315503911343493,0.612389658843561,0.790556073749021,-2.63313040698972,non-sectorial,1,1,1,resolved,resolved
unstable,0.198298646887169,-0.16037836776446,-0.16037836776446,-0.158196840360861,-1.51869256354526,-0.000434999774306,-0.159943367990154,0.268302907548796,0.329280721198696,0.603512777425867,0.797353326627359,-2.61428767250274,non-sectorial,1,1,1,resolved,resolved
unstable,0.208236509681036,-0.167082020657888,-0.167082020657888,-0.164901956119548,-1.51062300568374,-0.000604245376388289,-0.1664777752815,0.281031663190813,0.343351873280676,0.593854321818544,0.804572584952679,-2.59487014466356,non-sectorial,1,1,1,resolved,resolved
unstable,0.218672414788656,-0.17386356589504,-0.17386356589504,-0.171682252796526,-1.5014230861916,-0.000835401912946387,-0.173028163982094,0.294022062253278,0.357649164679985,0.583354579482668,0.812217602983707,-2.57477532489559,non-sectorial,1,1,1,resolved,resolved
unstable,0.229631321917304,-0.180676014818414,-0.180676014818414,-0.178497169965554,-1.49096562450763,-0.00114899102910142,-0.179527023789313,0.307189281289455,0.372087051632597,0.571952909765936,0.820286455459481,-2.55385926098079,non-sectorial,1,1,1,resolved,resolved
unstable,0.241139441645862,-0.187462525754269,-0.187462525754269,-0.185280867998323,-1.47912046258073,-0.00157111054132536,-0.185891415212943,0.320428805309396,0.386561006545434,0.559590107253263,0.828769516732054,-2.53192363003755,non-sectorial,1,1,1,resolved,resolved
unstable,0.253224298113036,-0.194155943502011,-0.194155943502011,-0.191974432972388,-1.46575939023721,-0.00213421010896429,-0.192021733393047,0.333615841641405,0.400946488848247,0.546212121974643,0.837646893271836,-2.50869924581929,non-sectorial,1,1,1,resolved,resolved
unstable,0.265914794847249,-0.200678908359624,-0.200678908359624,-0.198503713372586,-1.45076313401482,-0.00287751624833052,-0.197801392111294,0.346606022822116,0.415098966555741,0.531775691984642,0.846885242175264,-2.48382516265111,non-sectorial,1,1,1,resolved,resolved
unstable,0.279241283895634,-0.206944835266663,-0.206944835266663,-0.20476618905112,-1.43403066008068,-0.0038468004066826,-0.20309803485998,0.35923792779093,0.428855565240508,0.51625651887396,0.856434006050752,-2.45682260506332,non-sectorial,1,1,1,resolved,resolved
unstable,0.293235638417463,-0.212860127947158,-0.212860127947158,-0.210682452654451,-1.41549110564943,-0.0050929776597733,-0.207767150287385,0.371337993711322,0.442039050698994,0.499661231542657,0.866220903519001,-2.42706307546239,non-sectorial,1,1,1,resolved,resolved
unstable,0.307931328915658,-0.218328026946193,-0.218328026946193,-0.216147947104102,-1.39511762707471,-0.00666922297762894,-0.211658803968564,0.382728362943883,0.454464935053592,0.482043555050544,0.876147254195454,-2.39373137065442,non-sectorial,1,1,1,resolved,resolved
unstable,0.323363503288679,-0.223254456082929,-0.223254456082929,-0.221075398456931,-1.37294257401111,-0.00862610129442059,-0.214628354788509,0.393238068327706,0.465952442082411,0.463526371915271,0.886083123944399,-2.35578598520852,non-sectorial,1,1,1,resolved,resolved
unstable,0.339569070894269,-0.227556079963125,-0.227556079963125,-0.22537513405671,-1.34907165817333,-0.0110049435514503,-0.216551136411675,0.402717658743229,0.476339802267592,0.444329773440609,0.895863300082226,-2.31192467950262,non-sectorial,1,1,1,resolved,resolved
unstable,0.356586790826106,-0.231170468412919,-0.231170468412919,-0.228991559636224,-1.3236944737378,-0.0138301593136152,-0.217340309099303,0.411056866668643,0.485503747204083,0.424805323190596,0.905284727248247,-2.26057166429478,non-sectorial,1,1,1,resolved,resolved
unstable,0.374457364614496,-0.234067761684133,-0.234067761684133,-0.231887541878234,-1.29708839304532,-0.0171018847561134,-0.216965876928019,0.418204204802144,0.493382099095893,0.405475091621745,0.914106093445579,-2.19991862360474,non-sectorial,1,1,1,resolved,resolved
unstable,0.393223533572821,-0.236262582532556,-0.236262582532556,-0.234080934625577,-1.26961239773447,-0.0207915411764063,-0.21547104135615,0.424186481974154,0.499997074613499,0.387068824269168,0.922050825756847,-2.12807474460214,non-sectorial,1,1,1,resolved,resolved
unstable,0.412930181022563,-0.237824270847939,-0.237824270847939,-0.235646007661828,-1.24169000810415,-0.0248423095540057,-0.212981961293933,0.42912525774978,0.505475552978696,0.370546354993142,0.928813974271111,-2.04340217154009,non-sectorial,1,1,1,resolved,resolved
unstable,0.433624439641402,-0.238883023777024,-0.238883023777024,-0.236701949068139,-1.21378216784615,-0.0291759842760917,-0.209707039500932,0.433246424077554,0.510061534566283,0.357079055644797,0.93407416623083,-1.9451016310685,non-sectorial,1,1,1,resolved,resolved
unstable,0.455355804191134,-0.239629443674839,-0.239629443674839,-0.237447992953765,-1.18635404549099,-0.0337054730951017,-0.205923970579737,0.436878749293162,0.514115801603232,0.347953518976673,0.93751178586285,-1.83400166620542,non-sectorial,1,1,1,resolved,resolved
unstable,0.478176249895018,-0.240305535076952,-0.240305535076952,-0.238124478333395,-1.15984158506685,-0.0383498955636087,-0.201955639513344,0.440437787226111,0.518098841622347,0.344368609567419,0.938834522556879,-1.71324647009966,non-sectorial,1,1,1,resolved,resolved
unstable,0.502140356747681,-0.241186472583138,-0.241186472583138,-0.239004834945488,-1.13462355384106,-0.0430479302124885,-0.198138542370649,0.444393474277064,0.522535656711515,0.347147857845512,0.937810409834137,-1.58831472119866,non-sectorial,1,1,1,resolved,resolved
unstable,0.527305440054887,-0.242554446543436,-0.242554446543436,-0.240375228368138,-1.1110034131885,-0.0477650811847957,-0.19478936535864,0.449223161879367,0.527965050042195,0.356473661263041,0.934305372362657,-1.46595982894306,non-sectorial,1,1,1,resolved,resolved
unstable,0.553731687515399,-0.244668250451266,-0.244668250451266,-0.242488923408199,-1.08920216123769,-0.0524929345530674,-0.192175315898198,0.455356235219717,0.534880653136491,0.37178704729172,0.928318044350159,-1.35242983857392,non-sectorial,1,1,1,resolved,resolved
unstable,0.58148230317278,-0.247734248393017,-0.247734248393017,-0.245552689733402,-1.06936131619167,-0.0572408489960124,-0.190493399397005,0.463120391053587,0.543674797211911,0.391916592910584,0.92000075228304,-1.25198974226913,non-sectorial,1,1,1,resolved,resolved
unstable,0.610623658581427,-0.251884914250811,-0.251884914250811,-0.24970325316895,-1.05155300596895,-0.0620235345022954,-0.189861379748515,0.472701051303396,0.554597320527137,0.415361374917213,0.909656489135807,-1.16647564514006,non-sectorial,1,1,1,resolved,resolved
unstable,0.641225451548396,-0.257169545056571,-0.257169545056571,-0.254990083959217,-1.03579412910952,-0.0668486025104955,-0.190320942546076,0.484122847516533,0.567738179753631,0.44059047215658,0.89770821308755,-1.09575441937669,non-sectorial,1,1,1,resolved,resolved
unstable,0.673360872830666,-0.263558348307323,-0.263558348307323,-0.26137748067326,-1.0220618031347,-0.0717076025300578,-0.191850745777265,0.497256123841597,0.583036025920099,0.466261518191843,0.884646933331845,-1.03851404565594,non-sectorial,1,1,1,resolved,resolved
unstable,0.707106781186547,-0.270957348565653,-0.270957348565653,-0.26877835608471,-1.01030830309914,-0.0765720440739724,-0.194385304491681,0.51184451943153,0.600307605720797,0.491331527941531,0.870972634271962,-0.992947566588415,non-sectorial,1,1,1,resolved,resolved
unstable,0.742543887199899,-0.279229146082172,-0.279229146082172,-0.277048504070795,-1.00047452844797,-0.0813939509118112,-0.197835195170361,0.527544941686883,0.619288240385838,0.515078542353602,0.857142984108771,-0.957189052154343,non-sectorial,1,1,1,resolved,resolved
unstable,0.779756946316818,-0.288214281101016,-0.288214281101016,-0.286034993609092,-0.992501893238566,-0.0861091252143713,-0.202105155886645,0.543970193561474,0.639673200282763,0.537067349225484,0.843539366239603,-0.929534801988335,non-sectorial,1,1,1,resolved,resolved
unstable,0.81883496155648,-0.297749367102653,-0.297749367102653,-0.295567734305387,-0.986342883868197,-0.0906411713032991,-0.207108195799354,0.560726610342633,0.661152610568198,0.557089734406911,0.830452303156802,-0.908527383349986,non-sectorial,1,1,1,resolved,resolved
unstable,0.859871396380969,-0.307680171865518,-0.307680171865518,-0.305498534610211,-0.98197114788244,-0.0949045230106319,-0.212775648854886,0.577442526428192,0.683436470923474,0.575100674780568,0.818082644887994,-0.892967407596882,non-sectorial,1,1,1,resolved,resolved
unstable,0.902964398233205,-0.317869526083212,-0.317869526083212,-0.315689604088041,-0.979392074660205,-0.0988055178860982,-0.219064008197114,0.593786590037638,0.706269663623353,0.591162265365509,0.806552649247351,-0.881893200105782,non-sectorial,1,1,1,resolved,resolved
unstable,0.94821703327763,-0.328200935936479,-0.328200935936479,-0.326019900259607,-0.97865570471485,-0.102240680823196,-0.225960255113282,0.609477054340399,0.729438739864642,0.60539997353867,0.795921398153975,-0.874550771622422,non-sectorial,1,1,1,resolved,resolved
unstable,0.995737532905055,-0.33857911975907,-0.33857911975907,-0.336398669277776,-0.979874288231625,-0.105091721683451,-0.233487398075619,0.624284138251734,0.752772917063789,0.617971292199887,0.786200662691658,-0.870364594408089,non-sectorial,1,1,1,resolved,resolved
unstable,1.04563955259127,-0.348928616451772,-0.348928616451772,-0.346747643719122,-0.983248736414648,-0.107216121906509,-0.241712494545263,0.638027690879316,0.776141583871397,0.629044843864775,0.777369014308611,-0.868914683534206,non-sectorial,1,1,1,resolved,resolved
unstable,1.09804244372852,-0.359191354986166,-0.359191354986166,-0.357010192849077,-0.98911104885039,-0.108431406911348,-0.250759948074818,0.65057208994032,0.799450130615149,0.63878735926581,0.769383330754061,-0.869922635485869,non-sectorial,1,1,1,resolved,resolved
unstable,1.15307153907997,-0.369323778623242,-0.369323778623242,-0.367142456186831,-0.997997405849341,-0.108488569277007,-0.260835209346235,0.661819841651569,0.822635450943436,0.647356222485527,0.762187589251668,-0.873250876667279,non-sectorial,1,1,1,resolved,resolved
unstable,1.2108584525399,-0.379293849000749,-0.379293849000749,-0.377112647010461,-1.01078081530912,-0.107026381532963,-0.272267467467786,0.671704892500561,0.845662093080978,0.654895633236065,0.755719332535786,-0.878920436440886,non-sectorial,1,1,1,resolved,resolved
unstable,1.27154139391661,-0.389078013975219,-0.389078013975219,-0.386896466082697,-1.02893019171474,-0.103488256938394,-0.285589757036825,0.680186284812278,0.868519981708829,0.661535012912392,0.749914279562005,-0.887161351619836,non-sectorial,1,1,1,resolved,resolved
unstable,1.33526549949084,-0.39865794507828,-0.39865794507828,-0.396476389104467,-1.0550644256375,-0.0969609117702549,-0.301697033308025,0.687242506129417,0.891225050708571,0.66738867253059,0.744709580828565,-0.898529491593297,non-sectorial,1,1,1,resolved,resolved
unstable,1.40218317914034,-0.408016335274105,-0.408016335274105,-0.405834769827546,-1.09428315650602,-0.0858428082172578,-0.322173527056847,0.692866688515902,0.913825484389177,0.672555933585744,0.74004629328077,-0.914174059612731,non-sectorial,1,1,1,resolved,resolved
unstable,1.47245448086079,-0.417129595406961,-0.417129595406961,-0.41494818286534,-1.1579439832492,-0.067149696546963,-0.349979898859999,0.697062689844285,0.936420548298042,0.677121112201593,0.735871591659087,-0.936512749194289,non-sectorial,1,1,1,resolved,resolved
unstable,1.54624747355496,-0.425949769974375,-0.425949769974375,-0.423768174088763,-1.27745606009281,-0.0356130379298805,-0.390336732044494,0.699842015961597,0.959212029070429,0.681152997907964,0.732141102138784,-0.971244354127194,non-sectorial,1,1,1,resolved,resolved
unstable,1.62373864900557,-0.434338855037328,-0.434338855037328,-0.432157350278598,-1.58144671874451,-4.92655369513516e-05,-0.434289589500376,0.701221504136579,0.982644714824587,0.684708983603588,0.728816580335917,-1.03530712445387,non-sectorial,1,1,1,resolved,resolved
unstable,1.70511334399327,-0.441649175459408,-0.441649175459408,-0.439467541520898,-2.90043838931498,-0.416458948205387,-0.025190227254021,0.701221671897762,1.00725285109587,0.687992165761243,0.72571811321694,-1.21058555014893,non-sectorial,1,1,1,resolved,resolved
unstable,1.79056618356931,-0.442460054276157,-0.442460054276157,-0.440278489937241,1.75182991477809,-0.0143430922547042,-0.428116962021452,0.699865632309398,1.00386106174147,0.692873687776457,0.721058980102913,-1.78125961348535,non-sectorial,1,1,1,resolved,resolved
unstable,1.8803015465432,-0.433988497606772,-0.433988497606772,-0.431806912688702,1.25790025802888,-0.0411205436891638,-0.392867953917608,0.697178480799712,0.973192896291532,0.693415574343831,0.720537883290958,-2.04287269729437,non-sectorial,1,1,1,resolved,resolved
unstable,1.9745340542984,-0.422905696284837,-0.422905696284837,-0.420724035269019,1.06461128352763,-0.0994140980551649,-0.323491598229672,0.693187065919788,0.946393546309189,0.691453327889615,0.722421134346426,-2.14929418569967,non-sectorial,1,1,1,resolved,resolved
unstable,2.07348908410554,-0.41089857214119,-0.41089857214119,-0.408716927729112,0.959524729943105,-0.135338416185154,-0.275560155956035,0.687920064498545,0.921650843588777,0.68866780451812,0.725076999373303,-2.20930262322731,non-sectorial,1,1,1,resolved,resolved
unstable,2.17740330816047,-0.398417295922081,-0.398417295922081,-0.396236038111279,0.89188719705459,-0.157101596768681,-0.241315699153401,0.681408289279098,0.897947172182832,0.685514105283822,0.728059346109176,-2.24912428669404,non-sectorial,1,1,1,resolved,resolved
unstable,2.28652525963663,-0.385628574077591,-0.385628574077591,-0.383447226683194,0.843533878985691,-0.170445974723663,-0.215182599353927,0.673685163712145,0.874820337779248,0.68216057985997,0.731202395568497,-2.27831373053698,non-sectorial,1,1,1,resolved,resolved
unstable,2.40111592710553,-0.372605972340207,-0.372605972340207,-0.370424456023681,0.806333927674922,-0.178504472332877,-0.194101500007331,0.664787304054004,0.852031261772127,0.678682134068508,0.73443213498336,-2.30122141951208,non-sectorial,1,1,1,resolved,resolved
unstable,2.52144937874688,-0.359385842856814,-0.359385842856814,-0.357204253611741,0.776096517971964,-0.18303560825217,-0.176350234604644,0.654755153472471,0.829442528459648,0.675116439491576,0.737711185443339,-2.32012193743068,non-sectorial,1,1,1,resolved,resolved
unstable,2.64781341784154,-0.345988117932102,-0.345988117932102,-0.343806457453845,0.750440382788146,-0.185079186819171,-0.160908931112932,0.643633616864893,0.806969242048484,0.671484592465097,0.741018516693061,-2.33632258613486,non-sectorial,1,1,1,resolved,resolved
unstable,2.78051027111478,-0.332425398205083,-0.332425398205083,-0.330243901956086,0.727912065753259,-0.185280471069463,-0.147144927135619,0.631472648964728,0.784556800205921,0.667800011407176,0.744340745065441,-2.35062855734796,non-sectorial,1,1,1,resolved,resolved
unstable,2.91985731157643,-0.318707448220698,-0.318707448220698,-0.316525950756659,0.707574777303204,-0.184056595958438,-0.13465085226226,0.618327752470633,0.762169951235666,0.664072735850113,0.747667975441335,-2.36356241715469,non-sectorial,1,1,1,resolved,resolved
unstable,3.06618781758652,-0.304843660555433,-0.304843660555433,-0.302662130382914,0.688798504400169,-0.181686767324046,-0.123156893231386,0.604260347727054,0.739787006265886,0.660311686164857,0.750991662479767,-2.37547750201054,non-sectorial,1,1,1,resolved,resolved
unstable,3.21985176996205,-0.290844531202461,-0.290844531202461,-0.288663127101825,0.671145198906913,-0.178363686865083,-0.112480844337377,0.589337981167017,0.717396628334134,0.656525922336587,0.754303462341314,-2.3866205374596,non-sectorial,1,1,1,resolved,resolved
unstable,3.38121668903121,-0.27672261057393,-0.27672261057393,-0.274540966217312,0.654302411153723,-0.174224252722859,-0.10249835785107,0.573634346423203,0.694995985042524,0.652725365312754,0.757594612888272,-2.39716805340553,non-sectorial,1,1,1,resolved,resolved
unstable,3.55066851363717,-0.26249315003736,-0.26249315003736,-0.260311966959926,0.638042922465944,-0.169368829651475,-0.0931243203858848,0.557229099721129,0.672589607762267,0.648921195459131,0.760855624993266,-2.40724886867641,non-sectorial,1,1,1,resolved,resolved
unstable,3.72861252419367,-0.248174551404701,-0.248174551404701,-0.245994510790012,0.622199376438501,-0.16387373690416,-0.084300814500541,0.540207459766664,0.650188673233552,0.645126045103619,0.764076165005141,-2.41695825606507,non-sectorial,1,1,1,resolved,resolved
unstable,3.91547431200009,-0.233788671242728,-0.233788671242728,-0.231607022334537,0.606647783592908,-0.15779964992089,-0.0759890213218377,0.522659591604024,0.62781051048913,0.641354046030025,0.767245063614565,-2.42636715451241,non-sectorial,1,1,1,resolved,resolved
unstable,4.11170079713445,-0.219361002938814,-0.219361002938814,-0.217182139388232,0.591296477029002,-0.151197437492811,-0.0681635654460032,0.504679783541709,0.605478217404866,0.637620768070837,0.770350411257602,-2.43552829609783,non-sectorial,1,1,1,resolved,resolved
unstable,4.31776129735866,-0.204920744006027,-0.204920744006027,-0.20273909264112,0.576078514831076,-0.144112324962664,-0.0608084190433631,0.486365435849203,0.583220312473086,0.633943072692901,0.773379713067703,-2.44448034586821,non-sectorial,1,1,1,resolved,resolved
unstable,4.53414865059277,-0.190500748145402,-0.190500748145402,-0.188321807563033,0.560946257645935,-0.136586961283106,-0.0539137868622955,0.467815889092769,0.561070358824505,0.630338895718101,0.776320086397927,-2.45325086204225,non-sectorial,1,1,1,resolved,resolved
unstable,4.76138039364257,-0.176137358222044,-0.176137358222044,-0.173955860012926,0.545867477008186,-0.128663621031892,-0.0474737371901518,0.449131128240585,0.539066549559526,0.626826980606553,0.779158479632784,-2.46185824718051,non-sectorial,1,1,1,resolved,resolved
unstable,5,-0.161870116090889,-0.161870116090889,-0.159690397043406,0.530822463709791,-0.120385762047185,-0.0414843540437038,0.430410405538229,0.517251223349828,0.623426576335982,0.78188189895789,-2.47031303299107,non-sectorial,1,1,1,resolved,resolved
