impedance_scale_kappa,SCR,damping_D,maximum_real_pole_Hz,dominant_oscillation_frequency_Hz,closed_loop_reference,sampled_criterion_status,final_classification,gain_pass_count,gain_fail_count,gain_indeterminate_count,phase_pass_count,phase_fail_count,phase_indeterminate_count,uncovered_frequency_count,indeterminate_frequency_count,converter_phase_seed_frequency_Hz,network_phase_seed_frequency_Hz,maximum_transformation_condition,maximum_interconnection_residual
0.5,1.78885438199983,0.04,0.016705257377033,0.75818710935805,unstable,not-covered-on-grid-under-phase-branch-assumption,unstable-not-covered,49,72,0,65,52,4,7,0,0.00170306502925284,0.001,19.3298529856282,8.05951969276852e-16
0.5,1.78885438199983,0.05,0.00740006511182388,0.757885392738,unstable,not-covered-on-grid-under-phase-branch-assumption,unstable-not-covered,49,72,0,65,51,5,7,0,0.00196922025547917,0.001,19.3298529856282,1.04099178526516e-15
0.5,1.78885438199983,0.06,-0.00188869644048897,0.757460103246482,stable,not-covered-on-grid-under-phase-branch-assumption,stable-not-covered,49,72,0,65,50,6,7,0,0.00224052786930002,0.001,19.3298529856282,1.02132791055304e-15
0.5,1.78885438199983,0.08,-0.0204147325554713,0.756239327583419,stable,not-covered-on-grid-under-phase-branch-assumption,stable-not-covered,49,72,0,66,49,6,6,0,0.00224052786930002,0.001,19.3298529856282,9.15676286715526e-16
0.5,1.78885438199983,0.1,-0.0388682309619675,0.754525400798653,stable,not-covered-on-grid-under-phase-branch-assumption,stable-not-covered,49,72,0,66,50,5,6,0,0.00196922025547917,0.001,19.3298529856282,1.08267947800557e-15
0.5,1.78885438199983,0.12,-0.0572441781776608,0.752318281081493,stable,not-covered-on-grid-under-phase-branch-assumption,stable-not-covered,49,72,0,66,55,0,6,0,0.001,0.001,19.3298529856282,8.40374258369698e-16
0.5,1.78885438199983,0.14,-0.0755371288238141,0.749617294129645,stable,not-covered-on-grid-under-phase-branch-assumption,stable-not-covered,49,72,0,89,32,0,6,0,0.001,0.001,19.3298529856282,7.08766288510547e-16
0.5,1.78885438199983,0.16,-0.093741163330875,0.746421159612632,stable,not-covered-on-grid-under-phase-branch-assumption,stable-not-covered,49,72,0,96,25,0,5,0,0.001,0.001,19.3298529856282,8.0984795534729e-16
0.5,1.78885438199983,0.18,-0.111849841454785,0.742728017262447,stable,not-covered-on-grid-under-phase-branch-assumption,stable-not-covered,49,72,0,100,21,0,5,0,0.001,0.001,19.3298529856282,7.78408565800251e-16
0.5,1.78885438199983,0.2,-0.129856151299914,0.738535453570737,stable,not-covered-on-grid-under-phase-branch-assumption,stable-not-covered,49,72,0,103,18,0,5,0,0.001,0.001,19.3298529856282,7.20827008471572e-16
0.5,1.78885438199983,0.25,-0.174372222270972,0.725848586787322,stable,covered-on-grid-under-phase-branch-assumption,criterion-covered-stable,48,73,0,121,0,0,0,0,0.001,0.001,19.3298529856282,7.28753360382925e-16
0.5,1.78885438199983,0.3,-0.218059297469721,0.709961982904287,stable,covered-on-grid-under-phase-branch-assumption,criterion-covered-stable,48,73,0,121,0,0,0,0,0.001,0.001,19.3298529856282,7.82062035865524e-16
0.5,1.78885438199983,0.35,-0.260743965960049,0.69080192031778,stable,covered-on-grid-under-phase-branch-assumption,criterion-covered-stable,48,73,0,121,0,0,0,0,0.001,0.001,19.3298529856282,5.0482726841551e-16
0.5,1.78885438199983,0.4,-0.302211129414502,0.66828578980049,stable,covered-on-grid-under-phase-branch-assumption,criterion-covered-stable,47,74,0,121,0,0,0,0,0.001,0.001,19.3298529856282,1.1099587024395e-15
0.5,1.78885438199983,0.45,-0.342195823532675,0.6423317946579,stable,covered-on-grid-under-phase-branch-assumption,criterion-covered-stable,47,74,0,121,0,0,0,0,0.001,0.001,19.3298529856282,7.25786722285471e-16
0.5,1.78885438199983,0.5,-0.380376521796823,0.612873683845288,stable,covered-on-grid-under-phase-branch-assumption,criterion-covered-stable,46,75,0,121,0,0,0,0,0.001,0.001,19.3298529856282,5.42019132938753e-16
0.6,1.49071198499986,0.04,0.0203470345975766,0.707747389927849,unstable,not-covered-on-grid-under-phase-branch-assumption,unstable-not-covered,49,72,0,65,52,4,7,0,0.00170306502925284,0.001,19.3298529856282,7.30407254950406e-16
0.6,1.49071198499986,0.05,0.0111596622932538,0.707396002376657,unstable,not-covered-on-grid-under-phase-branch-assumption,unstable-not-covered,48,73,0,65,51,5,8,0,0.00196922025547917,0.001,19.3298529856282,8.89733829594103e-16
0.6,1.49071198499986,0.06,0.0019931274262219,0.706912945319532,unstable,not-covered-on-grid-under-phase-branch-assumption,unstable-not-covered,48,73,0,65,50,6,8,0,0.00224052786930002,0.001,19.3298529856282,1.29668588471875e-15
0.6,1.49071198499986,0.08,-0.0162744158995538,0.705552520201405,stable,not-covered-on-grid-under-phase-branch-assumption,stable-not-covered,48,73,0,66,49,6,7,0,0.00224052786930002,0.001,19.3298529856282,8.67610089162324e-16
0.6,1.49071198499986,0.1,-0.0344492272652198,0.703667035472911,stable,not-covered-on-grid-under-phase-branch-assumption,stable-not-covered,48,73,0,66,50,5,7,0,0.00196922025547917,0.001,19.3298529856282,7.45639743473879e-16
0.6,1.49071198499986,0.12,-0.0525243557902117,0.701256687864896,stable,not-covered-on-grid-under-phase-branch-assumption,stable-not-covered,48,73,0,66,55,0,7,0,0.001,0.001,19.3298529856282,1.06552528581347e-15
0.6,1.49071198499986,0.14,-0.070492208035628,0.698320998972964,stable,not-covered-on-grid-under-phase-branch-assumption,stable-not-covered,48,73,0,88,33,0,7,0,0.001,0.001,19.3298529856282,1.01563103388708e-15
0.6,1.49071198499986,0.16,-0.0883444822711541,0.694858865439038,stable,not-covered-on-grid-under-phase-branch-assumption,stable-not-covered,48,73,0,95,26,0,7,0,0.001,0.001,19.3298529856282,8.68002936819292e-16
0.6,1.49071198499986,0.18,-0.106072096478322,0.690868612141243,stable,not-covered-on-grid-under-phase-branch-assumption,stable-not-covered,48,73,0,99,22,0,6,0,0.001,0.001,19.3298529856282,9.30740431123111e-16
0.6,1.49071198499986,0.2,-0.12366510987331,0.686348050449544,stable,not-covered-on-grid-under-phase-branch-assumption,stable-not-covered,48,73,0,102,19,0,6,0,0.001,0.001,19.3298529856282,8.53652925226603e-16
0.6,1.49071198499986,0.25,-0.166984763803854,0.672708350296782,stable,not-covered-on-grid-under-phase-branch-assumption,stable-not-covered,48,73,0,112,9,0,3,0,0.001,0.001,19.3298529856282,4.30959644903628e-16
0.6,1.49071198499986,0.3,-0.20919190703219,0.655687287148396,stable,covered-on-grid-under-phase-branch-assumption,criterion-covered-stable,47,74,0,121,0,0,0,0,0.001,0.001,19.3298529856282,1.01557130079128e-15
0.6,1.49071198499986,0.35,-0.25003586278523,0.635231521375249,stable,covered-on-grid-under-phase-branch-assumption,criterion-covered-stable,47,74,0,121,0,0,0,0,0.001,0.001,19.3298529856282,6.44243759996762e-16
0.6,1.49071198499986,0.4,-0.289205970487088,0.611299475602076,stable,covered-on-grid-under-phase-branch-assumption,criterion-covered-stable,46,75,0,121,0,0,0,0,0.001,0.001,19.3298529856282,9.13561635002817e-16
0.6,1.49071198499986,0.45,-0.32632479695507,0.583884882717361,stable,covered-on-grid-under-phase-branch-assumption,criterion-covered-stable,46,75,0,121,0,0,0,0,0.001,0.001,19.3298529856282,8.40290175988182e-16
0.6,1.49071198499986,0.5,-0.360950167515652,0.553049709034882,stable,covered-on-grid-under-phase-branch-assumption,criterion-covered-stable,45,76,0,121,0,0,0,0,0.001,0.001,19.3298529856282,7.68068262989399e-16
0.7,1.27775312999988,0.04,0.0233774935671271,0.666826875918394,unstable,not-covered-on-grid-under-phase-branch-assumption,unstable-not-covered,48,73,0,65,52,4,8,0,0.00170306502925284,0.001,19.3298529856282,1.15450272198612e-15
0.7,1.27775312999988,0.05,0.0142984812681413,0.666423625960805,unstable,not-covered-on-grid-under-phase-branch-assumption,unstable-not-covered,48,73,0,65,51,5,8,0,0.00196922025547917,0.001,19.3298529856282,9.36396883146376e-16
0.7,1.27775312999988,0.06,0.00524473740489272,0.665881223157469,unstable,not-covered-on-grid-under-phase-branch-assumption,unstable-not-covered,48,73,0,65,50,6,8,0,0.00224052786930002,0.001,19.3298529856282,1.28225627125587e-15
0.7,1.27775312999988,0.08,-0.0127830396368491,0.664379835944052,stable,not-covered-on-grid-under-phase-branch-assumption,stable-not-covered,48,73,0,66,49,6,7,0,0.00224052786930002,0.001,19.3298529856282,7.36284305345494e-16
0.7,1.27775312999988,0.1,-0.0306975598738313,0.662323956637515,stable,not-covered-on-grid-under-phase-branch-assumption,stable-not-covered,48,73,0,66,50,5,7,0,0.00196922025547917,0.001,19.3298529856282,1.2580725790613e-15
0.7,1.27775312999988,0.12,-0.0484897430952837,0.65971406221727,stable,not-covered-on-grid-under-phase-branch-assumption,stable-not-covered,48,73,0,66,55,0,7,0,0.001,0.001,19.3298529856282,9.58738172912566e-16
0.7,1.27775312999988,0.14,-0.0661496215183605,0.656549942314333,stable,not-covered-on-grid-under-phase-branch-assumption,stable-not-covered,48,73,0,88,33,0,7,0,0.001,0.001,19.3298529856282,5.61741445695672e-16
0.7,1.27775312999988,0.16,-0.08366624674839,0.652830782660472,stable,not-covered-on-grid-under-phase-branch-assumption,stable-not-covered,48,73,0,94,27,0,7,0,0.001,0.001,19.3298529856282,7.82454469032865e-16
0.7,1.27775312999988,0.18,-0.101027588686912,0.648555257235329,stable,not-covered-on-grid-under-phase-branch-assumption,stable-not-covered,47,74,0,98,23,0,7,0,0.001,0.001,19.3298529856282,8.17325629774668e-16
0.7,1.27775312999988,0.2,-0.118220426674745,0.643721632785526,stable,not-covered-on-grid-under-phase-branch-assumption,stable-not-covered,47,74,0,101,20,0,7,0,0.001,0.001,19.3298529856282,5.99593347588149e-16
0.7,1.27775312999988,0.25,-0.160366439140972,0.629182322233611,stable,not-covered-on-grid-under-phase-branch-assumption,stable-not-covered,47,74,0,108,13,0,6,0,0.001,0.001,19.3298529856282,4.58591545831832e-16
0.7,1.27775312999988,0.3,-0.201096045847884,0.611110074241523,stable,covered-on-grid-under-phase-branch-assumption,criterion-covered-stable,46,75,0,121,0,0,0,0,0.001,0.001,19.3298529856282,6.39564693244584e-16
0.7,1.27775312999988,0.35,-0.240073299392772,0.589487735069413,stable,covered-on-grid-under-phase-branch-assumption,criterion-covered-stable,46,75,0,121,0,0,0,0,0.001,0.001,19.3298529856282,6.83725069566444e-16
0.7,1.27775312999988,0.4,-0.276886646371328,0.564342084358294,stable,covered-on-grid-under-phase-branch-assumption,criterion-covered-stable,45,76,0,121,0,0,0,0,0.001,0.001,19.3298529856282,1.07231798471613e-15
0.7,1.27775312999988,0.45,-0.311051498238251,0.535785302860563,stable,covered-on-grid-under-phase-branch-assumption,criterion-covered-stable,45,76,0,121,0,0,0,0,0.001,0.001,19.3298529856282,7.86294367548917e-16
0.7,1.27775312999988,0.5,-0.342035908119372,0.504065899083443,stable,covered-on-grid-under-phase-branch-assumption,criterion-covered-stable,44,77,0,121,0,0,0,0,0.001,0.001,19.3298529856282,4.52319978129044e-16
0.8,1.11803398874989,0.04,0.025929305967861,0.632733331855346,unstable,not-covered-on-grid-under-phase-branch-assumption,unstable-not-covered,48,73,0,65,52,4,8,0,0.00170306502925284,0.001,19.3298529856282,9.10589385271918e-16
0.8,1.11803398874989,0.05,0.0169500353141731,0.63227753390157,unstable,not-covered-on-grid-under-phase-branch-assumption,unstable-not-covered,48,73,0,65,51,5,8,0,0.00196922025547917,0.001,19.3298529856282,9.08222651069001e-16
0.8,1.11803398874989,0.06,0.00800043940775129,0.631675612671374,unstable,not-covered-on-grid-under-phase-branch-assumption,unstable-not-covered,48,73,0,65,50,6,8,0,0.00224052786930002,0.001,19.3298529856282,1.13220663317729e-15
0.8,1.11803398874989,0.08,-0.00980487498853831,0.630034465401395,stable,not-covered-on-grid-under-phase-branch-assumption,stable-not-covered,47,74,0,65,50,6,9,0,0.00224052786930002,0.001,19.3298529856282,1.09073940895553e-15
0.8,1.11803398874989,0.1,-0.0274763218762133,0.627811484010509,stable,not-covered-on-grid-under-phase-branch-assumption,stable-not-covered,47,74,0,66,50,5,8,0,0.00196922025547917,0.001,19.3298529856282,1.09694122680721e-15
0.8,1.11803398874989,0.12,-0.0450025374026025,0.625007481536102,stable,not-covered-on-grid-under-phase-branch-assumption,stable-not-covered,47,74,0,66,55,0,8,0,0.001,0.001,19.3298529856282,1.01516345330643e-15
0.8,1.11803398874989,0.14,-0.0623709960146753,0.621622605882352,stable,not-covered-on-grid-under-phase-branch-assumption,stable-not-covered,47,74,0,87,34,0,8,0,0.001,0.001,19.3298529856282,9.88099964810024e-16
0.8,1.11803398874989,0.16,-0.0795678876855812,0.617656467495944,stable,not-covered-on-grid-under-phase-branch-assumption,stable-not-covered,47,74,0,93,28,0,8,0,0.001,0.001,19.3298529856282,9.59819970336577e-16
0.8,1.11803398874989,0.18,-0.096577986259843,0.61310828415061,stable,not-covered-on-grid-under-phase-branch-assumption,stable-not-covered,47,74,0,97,24,0,7,0,0.001,0.001,19.3298529856282,8.7030261133572e-16
0.8,1.11803398874989,0.2,-0.113384510437063,0.607977048694527,stable,not-covered-on-grid-under-phase-branch-assumption,stable-not-covered,47,74,0,100,21,0,7,0,0.001,0.001,19.3298529856282,9.76115328662191e-16
0.8,1.11803398874989,0.25,-0.154384337430201,0.592591890962251,stable,not-covered-on-grid-under-phase-branch-assumption,stable-not-covered,46,75,0,106,15,0,7,0,0.001,0.001,19.3298529856282,5.97734133156644e-16
0.8,1.11803398874989,0.3,-0.19364943001633,0.573552305806112,stable,covered-on-grid-under-phase-branch-assumption,criterion-covered-stable,45,76,0,121,0,0,0,0,0.001,0.001,19.3298529856282,9.39278803669431e-16
0.8,1.11803398874989,0.35,-0.230755021798345,0.550895105456045,stable,covered-on-grid-under-phase-branch-assumption,criterion-covered-stable,45,76,0,121,0,0,0,0,0.001,0.001,19.3298529856282,9.88951389821365e-16
0.8,1.11803398874989,0.4,-0.265192556582416,0.524744573652533,stable,covered-on-grid-under-phase-branch-assumption,criterion-covered-stable,44,77,0,121,0,0,0,0,0.001,0.001,19.3298529856282,8.12180466669163e-16
0.8,1.11803398874989,0.45,-0.296393222235761,0.495371980819607,stable,covered-on-grid-under-phase-branch-assumption,criterion-covered-stable,43,78,0,121,0,0,0,0,0.001,0.001,19.3298529856282,8.05639709648971e-16
0.8,1.11803398874989,0.5,-0.323793801277347,0.463253925652581,stable,covered-on-grid-under-phase-branch-assumption,criterion-covered-stable,43,78,0,121,0,0,0,0,0.001,0.001,19.3298529856282,6.05912704616002e-16
0.9,0.993807989999906,0.04,0.0280983783378405,0.603738098250132,unstable,not-covered-on-grid-under-phase-branch-assumption,unstable-not-covered,47,74,0,65,52,4,9,0,0.00170306502925284,0.001,19.3298529856282,6.65425935989872e-16
0.9,0.993807989999906,0.05,0.0192111375819306,0.603230050526812,unstable,not-covered-on-grid-under-phase-branch-assumption,unstable-not-covered,47,74,0,65,51,5,9,0,0.00196922025547917,0.001,19.3298529856282,9.48189707565743e-16
0.9,0.993807989999906,0.06,0.0103579257489661,0.602569352717393,unstable,not-covered-on-grid-under-phase-branch-assumption,unstable-not-covered,47,74,0,65,50,6,9,0,0.00224052786930002,0.001,19.3298529856282,1.21216724107468e-15
0.9,0.993807989999906,0.08,-0.00724056529139354,0.600791273283132,stable,not-covered-on-grid-under-phase-branch-assumption,stable-not-covered,47,74,0,65,50,6,9,0,0.00224052786930002,0.001,19.3298529856282,1.13505424419168e-15
0.9,0.993807989999906,0.1,-0.0246846390780162,0.598405846287222,stable,not-covered-on-grid-under-phase-branch-assumption,stable-not-covered,47,74,0,66,50,5,8,0,0.00196922025547917,0.001,19.3298529856282,9.92607597747356e-16
0.9,0.993807989999906,0.12,-0.0419605231879667,0.595414289843814,stable,not-covered-on-grid-under-phase-branch-assumption,stable-not-covered,47,74,0,66,55,0,8,0,0.001,0.001,19.3298529856282,1.10455640370311e-15
0.9,0.993807989999906,0.14,-0.0590529853801933,0.591817217081032,stable,not-covered-on-grid-under-phase-branch-assumption,stable-not-covered,47,74,0,86,35,0,8,0,0.001,0.001,19.3298529856282,1.0735711076901e-15
0.9,0.993807989999906,0.16,-0.0759451803389973,0.587614820201898,stable,not-covered-on-grid-under-phase-branch-assumption,stable-not-covered,46,75,0,92,29,0,9,0,0.001,0.001,19.3298529856282,1.07953793012402e-15
0.9,0.993807989999906,0.18,-0.0926184884751089,0.582807083067605,stable,not-covered-on-grid-under-phase-branch-assumption,stable-not-covered,46,75,0,96,25,0,9,0,0.001,0.001,19.3298529856282,1.02601337248151e-15
0.9,0.993807989999906,0.2,-0.109052350630506,0.57739403083701,stable,not-covered-on-grid-under-phase-branch-assumption,stable-not-covered,46,75,0,99,22,0,8,0,0.001,0.001,19.3298529856282,6.56624490799962e-16
0.9,0.993807989999906,0.25,-0.148935128860982,0.561217323374704,stable,not-covered-on-grid-under-phase-branch-assumption,stable-not-covered,45,76,0,105,16,0,8,0,0.001,0.001,19.3298529856282,8.31084960133255e-16
0.9,0.993807989999906,0.3,-0.186755514209665,0.541295165515254,stable,not-covered-on-grid-under-phase-branch-assumption,stable-not-covered,45,76,0,115,6,0,5,0,0.001,0.001,19.3298529856282,8.39246059519842e-16
0.9,0.993807989999906,0.35,-0.222001102332547,0.517737164037884,stable,covered-on-grid-under-phase-branch-assumption,criterion-covered-stable,44,77,0,121,0,0,0,0,0.001,0.001,19.3298529856282,8.08167679791406e-16
0.9,0.993807989999906,0.4,-0.254079700714995,0.490793319332298,stable,covered-on-grid-under-phase-branch-assumption,criterion-covered-stable,43,78,0,121,0,0,0,0,0.001,0.001,19.3298529856282,1.08235473207285e-15
0.9,0.993807989999906,0.45,-0.282376874514846,0.460925598638604,stable,covered-on-grid-under-phase-branch-assumption,criterion-covered-stable,42,79,0,121,0,0,0,0,0.001,0.001,19.3298529856282,1.07447632025839e-15
0.9,0.993807989999906,0.5,-0.306372837423982,0.4288520856165,stable,covered-on-grid-under-phase-branch-assumption,criterion-covered-stable,42,79,0,121,0,0,0,0,0.001,0.001,19.3298529856282,9.712955995855e-16
1,0.894427190999916,0.04,0.0299564922188295,0.578672667609623,unstable,not-covered-on-grid-under-phase-branch-assumption,unstable-not-covered,47,74,0,65,52,4,9,0,0.00170306502925284,0.001,19.3298529856282,5.49628375282499e-16
1,0.894427190999916,0.05,0.0211544371034783,0.578113296840319,unstable,not-covered-on-grid-under-phase-branch-assumption,unstable-not-covered,47,74,0,65,51,5,9,0,0.00196922025547917,0.001,19.3298529856282,7.46586777111387e-16
1,0.894427190999916,0.06,0.0123906982789202,0.577395141186959,unstable,not-covered-on-grid-under-phase-branch-assumption,unstable-not-covered,47,74,0,65,50,6,9,0,0.00224052786930002,0.001,19.3298529856282,7.43619850125726e-16
1,0.894427190999916,0.08,-0.00501495595998307,0.575483960344625,stable,not-covered-on-grid-under-phase-branch-assumption,stable-not-covered,47,74,0,65,50,6,9,0,0.00224052786930002,0.001,19.3298529856282,5.20615973811383e-16
1,0.894427190999916,0.1,-0.0222457914492682,0.572941553455517,stable,not-covered-on-grid-under-phase-branch-assumption,stable-not-covered,46,75,0,66,50,5,9,0,0.00196922025547917,0.001,19.3298529856282,8.84716067956923e-16
1,0.894427190999916,0.12,-0.0392855257300423,0.569769623728593,stable,not-covered-on-grid-under-phase-branch-assumption,stable-not-covered,46,75,0,66,55,0,9,0,0.001,0.001,19.3298529856282,9.62358192301953e-16
1,0.894427190999916,0.14,-0.0561160993987069,0.565969370321346,stable,not-covered-on-grid-under-phase-branch-assumption,stable-not-covered,46,75,0,85,36,0,9,0,0.001,0.001,19.3298529856282,7.07320128115038e-16
1,0.894427190999916,0.16,-0.0727174934686834,0.561541741872521,stable,not-covered-on-grid-under-phase-branch-assumption,stable-not-covered,46,75,0,91,30,0,9,0,0.001,0.001,19.3298529856282,1.31517179616783e-15
1,0.894427190999916,0.18,-0.0890675424039229,0.556487733090142,stable,not-covered-on-grid-under-phase-branch-assumption,stable-not-covered,46,75,0,95,26,0,9,0,0.001,0.001,19.3298529856282,9.56171523337826e-16
1,0.894427190999916,0.2,-0.105141750484861,0.550808735932189,stable,not-covered-on-grid-under-phase-branch-assumption,stable-not-covered,45,76,0,98,23,0,9,0,0.001,0.001,19.3298529856282,8.40083073189432e-16
1,0.894427190999916,0.25,-0.143936805707239,0.533894772105282,stable,not-covered-on-grid-under-phase-branch-assumption,stable-not-covered,45,76,0,103,18,0,9,0,0.001,0.001,19.3298529856282,9.31078431888179e-16
1,0.894427190999916,0.3,-0.180337012167489,0.513175018188537,stable,not-covered-on-grid-under-phase-branch-assumption,stable-not-covered,44,77,0,110,11,0,8,0,0.001,0.001,19.3298529856282,1.05762234066337e-15
1,0.894427190999916,0.35,-0.213748242713688,0.488850636959284,stable,covered-on-grid-under-phase-branch-assumption,criterion-covered-stable,43,78,0,121,0,0,0,0,0.001,0.001,19.3298529856282,6.81721429733792e-16
1,0.894427190999916,0.4,-0.24351667898541,0.461321712802911,stable,covered-on-grid-under-phase-branch-assumption,criterion-covered-stable,42,79,0,121,0,0,0,0,0.001,0.001,19.3298529856282,8.83573410405211e-16
1,0.894427190999916,0.45,-0.26903149298769,0.431258041716291,stable,covered-on-grid-under-phase-branch-assumption,criterion-covered-stable,42,79,0,121,0,0,0,0,0.001,0.001,19.3298529856282,9.85200657464585e-16
1,0.894427190999916,0.5,-0.289891360625116,0.399601027552282,stable,covered-on-grid-under-phase-branch-assumption,criterion-covered-stable,41,80,0,121,0,0,0,0,0.001,0.001,19.3298529856282,8.15915681761706e-16
1.1,0.813115628181742,0.04,0.0315586978434775,0.556714337852635,unstable,not-covered-on-grid-under-phase-branch-assumption,unstable-not-covered,46,75,0,65,52,4,10,0,0.00170306502925284,0.001,19.3298529856282,8.69189019876704e-16
1.1,0.813115628181742,0.05,0.0228357709295752,0.556104959315636,unstable,not-covered-on-grid-under-phase-branch-assumption,unstable-not-covered,46,75,0,65,51,5,10,0,0.00196922025547917,0.001,19.3298529856282,8.37043334681701e-16
1.1,0.813115628181742,0.06,0.0141553737080147,0.555331012381986,unstable,not-covered-on-grid-under-phase-branch-assumption,unstable-not-covered,46,75,0,65,50,6,10,0,0.00224052786930002,0.001,19.3298529856282,9.3728447522104e-16
1.1,0.813115628181742,0.08,-0.00306989940324731,0.553291137419109,stable,not-covered-on-grid-under-phase-branch-assumption,stable-not-covered,46,75,0,65,50,6,10,0,0.00224052786930002,0.001,19.3298529856282,1.04388776245916e-15
1.1,0.813115628181742,0.1,-0.0201001518353296,0.55059763994424,stable,not-covered-on-grid-under-phase-branch-assumption,stable-not-covered,46,75,0,66,50,5,9,0,0.00196922025547917,0.001,19.3298529856282,8.88146742146402e-16
1.1,0.813115628181742,0.12,-0.0369165088786376,0.547252796815132,stable,not-covered-on-grid-under-phase-branch-assumption,stable-not-covered,46,75,0,66,55,0,9,0,0.001,0.001,19.3298529856282,7.05130018416233e-16
1.1,0.813115628181742,0.14,-0.0534979875785623,0.543258524735233,stable,not-covered-on-grid-under-phase-branch-assumption,stable-not-covered,46,75,0,84,37,0,9,0,0.001,0.001,19.3298529856282,9.59912224877581e-16
1.1,0.813115628181742,0.16,-0.069821287784446,0.538616716970705,stable,not-covered-on-grid-under-phase-branch-assumption,stable-not-covered,45,76,0,90,31,0,10,0,0.001,0.001,19.3298529856282,9.99644174953313e-16
1.1,0.813115628181742,0.18,-0.0858605861272277,0.533329640705567,stable,not-covered-on-grid-under-phase-branch-assumption,stable-not-covered,45,76,0,94,27,0,10,0,0.001,0.001,19.3298529856282,9.69612424434779e-16
1.1,0.813115628181742,0.2,-0.101587346280577,0.527400409597507,stable,not-covered-on-grid-under-phase-branch-assumption,stable-not-covered,45,76,0,96,25,0,10,0,0.001,0.001,19.3298529856282,7.29622685447785e-16
1.1,0.813115628181742,0.25,-0.139323529514438,0.509802869127383,stable,not-covered-on-grid-under-phase-branch-assumption,stable-not-covered,44,77,0,102,19,0,10,0,0.001,0.001,19.3298529856282,6.74776648700103e-16
1.1,0.813115628181742,0.3,-0.174331720982932,0.488369706576983,stable,not-covered-on-grid-under-phase-branch-assumption,stable-not-covered,43,78,0,108,13,0,9,0,0.001,0.001,19.3298529856282,8.77166708075152e-16
1.1,0.813115628181742,0.35,-0.205946436582179,0.463411191546308,stable,covered-on-grid-under-phase-branch-assumption,criterion-covered-stable,42,79,0,121,0,0,0,0,0.001,0.001,19.3298529856282,9.76760061201691e-16
1.1,0.813115628181742,0.4,-0.233481058077425,0.435495507882416,stable,covered-on-grid-under-phase-branch-assumption,criterion-covered-stable,42,79,0,121,0,0,0,0,0.001,0.001,19.3298529856282,8.12679903273804e-16
1.1,0.813115628181742,0.45,-0.256381375095211,0.405500300705895,stable,covered-on-grid-under-phase-branch-assumption,criterion-covered-stable,41,80,0,121,0,0,0,0,0.001,0.001,19.3298529856282,7.78201686798225e-16
1.1,0.813115628181742,0.5,-0.274425578190567,0.374545792799157,stable,covered-on-grid-under-phase-branch-assumption,criterion-covered-stable,40,81,0,121,0,0,0,0,0.001,0.001,19.3298529856282,6.13112832429752e-16
1.2,0.74535599249993,0.04,0.0329480040887333,0.537264410031425,unstable,not-covered-on-grid-under-phase-branch-assumption,unstable-not-covered,46,75,0,65,52,4,10,0,0.00170306502925284,0.001,19.3298529856282,5.99581439082153e-16
1.2,0.74535599249993,0.05,0.0242988427455872,0.536606566360503,unstable,not-covered-on-grid-under-phase-branch-assumption,unstable-not-covered,46,75,0,65,51,5,10,0,0.00196922025547917,0.001,19.3298529856282,7.43959310231999e-16
1.2,0.74535599249993,0.06,0.0156963477528517,0.535778688579848,unstable,not-covered-on-grid-under-phase-branch-assumption,unstable-not-covered,46,75,0,65,50,6,10,0,0.00224052786930002,0.001,19.3298529856282,9.05856766374216e-16
1.2,0.74535599249993,0.08,-0.00135962977375251,0.533614816322338,stable,not-covered-on-grid-under-phase-branch-assumption,stable-not-covered,46,75,0,65,50,6,10,0,0.00224052786930002,0.001,19.3298529856282,5.45691688525557e-16
1.2,0.74535599249993,0.1,-0.018200613831894,0.530776280514665,stable,not-covered-on-grid-under-phase-branch-assumption,stable-not-covered,45,76,0,66,50,5,10,0,0.00196922025547917,0.001,19.3298529856282,7.89642208990876e-16
1.2,0.74535599249993,0.12,-0.0348050714526679,0.527266026472584,stable,not-covered-on-grid-under-phase-branch-assumption,stable-not-covered,45,76,0,66,55,0,10,0,0.001,0.001,19.3298529856282,1.20571396832536e-15
1.2,0.74535599249993,0.14,-0.0511490206327991,0.523086827740388,stable,not-covered-on-grid-under-phase-branch-assumption,stable-not-covered,45,76,0,83,38,0,10,0,0.001,0.001,19.3298529856282,9.69193927418705e-16
1.2,0.74535599249993,0.16,-0.0672058001723739,0.518241720021075,stable,not-covered-on-grid-under-phase-branch-assumption,stable-not-covered,45,76,0,89,32,0,10,0,0.001,0.001,19.3298529856282,1.27215790372113e-15
1.2,0.74535599249993,0.18,-0.0829458543285546,0.512734516107592,stable,not-covered-on-grid-under-phase-branch-assumption,stable-not-covered,45,76,0,93,28,0,10,0,0.001,0.001,19.3298529856282,9.63480364157073e-16
1.2,0.74535599249993,0.2,-0.0983365535676303,0.506570418998409,stable,not-covered-on-grid-under-phase-branch-assumption,stable-not-covered,44,77,0,95,26,0,11,0,0.001,0.001,19.3298529856282,1.04012480591051e-15
1.2,0.74535599249993,0.25,-0.135042010192367,0.488341841592473,stable,not-covered-on-grid-under-phase-branch-assumption,stable-not-covered,43,78,0,101,20,0,11,0,0.001,0.001,19.3298529856282,7.71692106015728e-16
1.2,0.74535599249993,0.3,-0.168689394266927,0.466277672762584,stable,not-covered-on-grid-under-phase-branch-assumption,stable-not-covered,42,79,0,105,16,0,11,0,0.001,0.001,19.3298529856282,8.99550125650204e-16
1.2,0.74535599249993,0.35,-0.19855612251097,0.440812590324488,stable,covered-on-grid-under-phase-branch-assumption,criterion-covered-stable,42,79,0,121,0,0,0,0,0.001,0.001,19.3298529856282,7.29694329139081e-16
1.2,0.74535599249993,0.4,-0.223955886131173,0.412692856800827,stable,covered-on-grid-under-phase-branch-assumption,criterion-covered-stable,41,80,0,121,0,0,0,0,0.001,0.001,19.3298529856282,7.845084571298e-16
1.2,0.74535599249993,0.45,-0.244440974594545,0.382987476263862,stable,covered-on-grid-under-phase-branch-assumption,criterion-covered-stable,40,81,0,121,0,0,0,0,0.001,0.001,19.3298529856282,1.02170838371308e-15
1.2,0.74535599249993,0.5,-0.260007707544782,0.352935300436666,stable,covered-on-grid-under-phase-branch-assumption,criterion-covered-stable,39,82,0,121,0,0,0,0,0.001,0.001,19.3298529856282,6.81156325914417e-16
1.3,0.688020916153781,0.04,0.0341585199568723,0.519875118670098,unstable,not-covered-on-grid-under-phase-branch-assumption,unstable-not-covered,46,75,0,65,52,4,10,0,0.00170306502925284,0.001,19.3298529856282,8.612160014158e-16
1.3,0.688020916153781,0.05,0.0255783668570119,0.519170472059012,unstable,not-covered-on-grid-under-phase-branch-assumption,unstable-not-covered,46,75,0,65,51,5,10,0,0.00196922025547917,0.001,19.3298529856282,9.14824110384936e-16
1.3,0.688020916153781,0.06,0.0170489397694452,0.518290615102584,unstable,not-covered-on-grid-under-phase-branch-assumption,unstable-not-covered,45,76,0,65,50,6,11,0,0.00224052786930002,0.001,19.3298529856282,9.51843460335465e-16
1.3,0.688020916153781,0.08,0.000152377017121335,0.516007541467886,unstable,not-covered-on-grid-under-phase-branch-assumption,unstable-not-covered,45,76,0,65,50,6,11,0,0.00224052786930002,0.001,19.3298529856282,8.37637585718006e-16
1.3,0.688020916153781,0.1,-0.0165094650111904,0.513030010511547,stable,not-covered-on-grid-under-phase-branch-assumption,stable-not-covered,45,76,0,65,51,5,11,0,0.00196922025547917,0.001,19.3298529856282,9.84596247778594e-16
1.3,0.688020916153781,0.12,-0.0329123430160399,0.509361735113777,stable,not-covered-on-grid-under-phase-branch-assumption,stable-not-covered,45,76,0,66,55,0,10,0,0.001,0.001,19.3298529856282,1.21958921380603e-15
1.3,0.688020916153781,0.14,-0.0490292189062149,0.505006490179199,stable,not-covered-on-grid-under-phase-branch-assumption,stable-not-covered,45,76,0,82,39,0,10,0,0.001,0.001,19.3298529856282,7.66108653008147e-16
1.3,0.688020916153781,0.16,-0.0648300155763943,0.49996865781642,stable,not-covered-on-grid-under-phase-branch-assumption,stable-not-covered,44,77,0,88,33,0,11,0,0.001,0.001,19.3298529856282,1.05206864048596e-15
1.3,0.688020916153781,0.18,-0.0802814049850463,0.494253876197392,stable,not-covered-on-grid-under-phase-branch-assumption,stable-not-covered,44,77,0,91,30,0,11,0,0.001,0.001,19.3298529856282,7.34371618962109e-16
1.3,0.688020916153781,0.2,-0.0953466602610158,0.487869810943433,stable,not-covered-on-grid-under-phase-branch-assumption,stable-not-covered,44,77,0,94,27,0,11,0,0.001,0.001,19.3298529856282,4.79455235591904e-16
1.3,0.688020916153781,0.25,-0.131048810446515,0.469061187907329,stable,not-covered-on-grid-under-phase-branch-assumption,stable-not-covered,43,78,0,99,22,0,11,0,0.001,0.001,19.3298529856282,4.9321030831673e-16
1.3,0.688020916153781,0.3,-0.163369266803208,0.446445752799335,stable,not-covered-on-grid-under-phase-branch-assumption,stable-not-covered,42,79,0,104,17,0,11,0,0.001,0.001,19.3298529856282,8.68014021544784e-16
1.3,0.688020916153781,0.35,-0.191545712481318,0.420594808884912,stable,not-covered-on-grid-under-phase-branch-assumption,stable-not-covered,41,80,0,111,10,0,9,0,0.001,0.001,19.3298529856282,7.12625930270316e-16
1.3,0.688020916153781,0.4,-0.214926721744009,0.392433979995672,stable,covered-on-grid-under-phase-branch-assumption,criterion-covered-stable,40,81,0,121,0,0,0,0,0.001,0.001,19.3298529856282,1.02320197938588e-15
1.3,0.688020916153781,0.45,-0.233212373917804,0.363193865415673,stable,covered-on-grid-under-phase-branch-assumption,criterion-covered-stable,39,82,0,121,0,0,0,0,0.001,0.001,19.3298529856282,6.74104063933557e-16
1.3,0.688020916153781,0.5,-0.246631619819812,0.334167666886742,stable,covered-on-grid-under-phase-branch-assumption,criterion-covered-stable,39,82,0,121,0,0,0,0,0.001,0.001,19.3298529856282,7.74239851189181e-16
1.4,0.63887656499994,0.04,0.035217640598971,0.504203793066392,unstable,not-covered-on-grid-under-phase-branch-assumption,unstable-not-covered,45,76,0,65,52,4,11,0,0.00170306502925284,0.001,19.3298529856282,6.77354218781058e-16
1.4,0.63887656499994,0.05,0.0267022624162473,0.50345405363085,unstable,not-covered-on-grid-under-phase-branch-assumption,unstable-not-covered,45,76,0,65,51,5,11,0,0.00196922025547917,0.001,19.3298529856282,9.03604643399703e-16
1.4,0.63887656499994,0.06,0.0182415940827239,0.50252419266796,unstable,not-covered-on-grid-under-phase-branch-assumption,unstable-not-covered,45,76,0,65,50,6,11,0,0.00224052786930002,0.001,19.3298529856282,8.34207363082271e-16
1.4,0.63887656499994,0.08,0.00149561528320524,0.500126688334647,unstable,not-covered-on-grid-under-phase-branch-assumption,unstable-not-covered,45,76,0,65,50,6,11,0,0.00224052786930002,0.001,19.3298529856282,7.27771927095992e-16
1.4,0.63887656499994,0.1,-0.0149961694447612,0.497016085799528,stable,not-covered-on-grid-under-phase-branch-assumption,stable-not-covered,45,76,0,65,51,5,11,0,0.00196922025547917,0.001,19.3298529856282,6.06438098918882e-16
1.4,0.63887656499994,0.12,-0.0312067665841616,0.493196967292223,stable,not-covered-on-grid-under-phase-branch-assumption,stable-not-covered,44,77,0,66,55,0,11,0,0.001,0.001,19.3298529856282,1.23767936060737e-15
1.4,0.63887656499994,0.14,-0.0471060414410637,0.488674256667636,stable,not-covered-on-grid-under-phase-branch-assumption,stable-not-covered,44,77,0,80,41,0,11,0,0.001,0.001,19.3298529856282,8.5882181473262e-16
1.4,0.63887656499994,0.16,-0.0626604690349723,0.483453889587695,stable,not-covered-on-grid-under-phase-branch-assumption,stable-not-covered,44,77,0,86,35,0,11,0,0.001,0.001,19.3298529856282,1.04194073001201e-15
1.4,0.63887656499994,0.18,-0.0778329412803736,0.477543611719541,stable,not-covered-on-grid-under-phase-branch-assumption,stable-not-covered,43,78,0,89,32,0,12,0,0.001,0.001,19.3298529856282,8.91768267793568e-16
1.4,0.63887656499994,0.2,-0.092582675334175,0.470953923848062,stable,not-covered-on-grid-under-phase-branch-assumption,stable-not-covered,43,78,0,92,29,0,12,0,0.001,0.001,19.3298529856282,9.44708912812122e-16
1.4,0.63887656499994,0.25,-0.127308285215038,0.451614400203832,stable,not-covered-on-grid-under-phase-branch-assumption,stable-not-covered,42,79,0,97,24,0,12,0,0.001,0.001,19.3298529856282,9.59166635703194e-16
1.4,0.63887656499994,0.3,-0.158338068528269,0.428524053188541,stable,not-covered-on-grid-under-phase-branch-assumption,stable-not-covered,41,80,0,102,19,0,12,0,0.001,0.001,19.3298529856282,9.76655090781557e-16
1.4,0.63887656499994,0.35,-0.184889516627677,0.402399375283283,stable,not-covered-on-grid-under-phase-branch-assumption,stable-not-covered,40,81,0,108,13,0,11,0,0.001,0.001,19.3298529856282,8.96102610950516e-16
1.4,0.63887656499994,0.4,-0.20637944392213,0.374338275986067,stable,covered-on-grid-under-phase-branch-assumption,criterion-covered-stable,39,82,0,121,0,0,0,0,0.001,0.001,19.3298529856282,6.95050789996766e-16
1.4,0.63887656499994,0.45,-0.22268520629908,0.345694595674125,stable,covered-on-grid-under-phase-branch-assumption,criterion-covered-stable,39,82,0,121,0,0,0,0,0.001,0.001,19.3298529856282,1.01612726028911e-15
1.4,0.63887656499994,0.5,-0.234262195677638,0.317756738055789,stable,covered-on-grid-under-phase-branch-assumption,criterion-covered-stable,38,83,0,121,0,0,0,0,0.001,0.001,19.3298529856282,1.04152735512355e-15
1.5,0.596284793999944,0.04,0.0361476118217581,0.489983002302097,unstable,not-covered-on-grid-under-phase-branch-assumption,unstable-not-covered,45,76,0,65,52,4,11,0,0.00170306502925284,0.001,19.3298529856282,6.25675111754488e-16
1.5,0.596284793999944,0.05,0.027693227878562,0.489189880938054,unstable,not-covered-on-grid-under-phase-branch-assumption,unstable-not-covered,45,76,0,65,51,5,11,0,0.00196922025547917,0.001,19.3298529856282,6.07090409917783e-16
1.5,0.596284793999944,0.06,0.0192974637393952,0.488211970569328,unstable,not-covered-on-grid-under-phase-branch-assumption,unstable-not-covered,45,76,0,65,50,6,11,0,0.00224052786930002,0.001,19.3298529856282,9.27312599272755e-16
1.5,0.596284793999944,0.08,0.00269414978353026,0.485704701636201,unstable,not-covered-on-grid-under-phase-branch-assumption,unstable-not-covered,44,77,0,65,50,6,12,0,0.00224052786930002,0.001,19.3298529856282,8.16639803292154e-16
1.5,0.596284793999944,0.1,-0.0136357541414156,0.482466762997302,stable,not-covered-on-grid-under-phase-branch-assumption,stable-not-covered,44,77,0,65,51,5,12,0,0.00196922025547917,0.001,19.3298529856282,7.55923263204273e-16
1.5,0.596284793999944,0.12,-0.0296624751934759,0.478503709380536,stable,not-covered-on-grid-under-phase-branch-assumption,stable-not-covered,44,77,0,66,55,0,11,0,0.001,0.001,19.3298529856282,6.37488408941916e-16
1.5,0.596284793999944,0.14,-0.0453527564815706,0.473821762466562,stable,not-covered-on-grid-under-phase-branch-assumption,stable-not-covered,43,78,0,77,44,0,12,0,0.001,0.001,19.3298529856282,8.04143478824635e-16
1.5,0.596284793999944,0.16,-0.0606696141968691,0.468428619267815,stable,not-covered-on-grid-under-phase-branch-assumption,stable-not-covered,43,78,0,83,38,0,12,0,0.001,0.001,19.3298529856282,8.93379390357943e-16
1.5,0.596284793999944,0.18,-0.0755721823505443,0.462334413686285,stable,not-covered-on-grid-under-phase-branch-assumption,stable-not-covered,43,78,0,86,35,0,12,0,0.001,0.001,19.3298529856282,7.83432564050451e-16
1.5,0.596284793999944,0.2,-0.0900157058926565,0.455552847846208,stable,not-covered-on-grid-under-phase-branch-assumption,stable-not-covered,42,79,0,89,32,0,13,0,0.001,0.001,19.3298529856282,1.09361390856576e-15
1.5,0.596284793999944,0.25,-0.123790986180626,0.435729515882875,stable,not-covered-on-grid-under-phase-branch-assumption,stable-not-covered,41,80,0,94,27,0,13,0,0.001,0.001,19.3298529856282,6.94381032977584e-16
1.5,0.596284793999944,0.3,-0.15356843345,0.412236660961422,stable,not-covered-on-grid-under-phase-branch-assumption,stable-not-covered,40,81,0,98,23,0,14,0,0.001,0.001,19.3298529856282,8.79874260751882e-16
1.5,0.596284793999944,0.35,-0.178566075531921,0.385940593320995,stable,not-covered-on-grid-under-phase-branch-assumption,stable-not-covered,39,82,0,103,18,0,13,0,0.001,0.001,19.3298529856282,6.3743332003371e-16
1.5,0.596284793999944,0.4,-0.198298897988185,0.358097209572754,stable,not-covered-on-grid-under-phase-branch-assumption,stable-not-covered,39,82,0,120,1,0,1,0,0.001,0.001,19.3298529856282,8.85438239659047e-16
1.5,0.596284793999944,0.45,-0.212838300970135,0.330141543670494,stable,covered-on-grid-under-phase-branch-assumption,criterion-covered-stable,38,83,0,121,0,0,0,0,0.001,0.001,19.3298529856282,7.57179091474673e-16
1.5,0.596284793999944,0.5,-0.222845142625543,0.303308694320565,stable,covered-on-grid-under-phase-branch-assumption,criterion-covered-stable,37,84,0,121,0,0,0,0,0.001,0.001,19.3298529856282,6.91271776523519e-16
